KegonsaBeach2,KegonsaBeach2,KegonsaBeach2,KegonsaBeach2,KegonsaBeach2,KegonsaBeach2,KegonsaBeach2,KegonsaBeach2,KegonsaBeach2,KegonsaBeach2,KegonsaBeach2,KegonsaBeach2,KegonsaPier1,KegonsaPier1,KegonsaPier1,KegonsaPier1,KegonsaPier1,KegonsaPier1,KegonsaPier1,KegonsaPier1,KegonsaPier1,KegonsaPier1,KegonsaPier1,KegonsaPier1,KegonsaPier1,KegonsaPier1,KegonsaPier1,KegonsaPier1,KegonsaPier1,KegonsaPier1,KegonsaPier1,KegonsaPier1,KegonsaPier1,KegonsaPier1,KegonsaPier1,KegonsaPier1,KegonsaPier1,KegonsaPier1,KegonsaPier1,KegonsaPier1,KegonsaPier1,KegonsaPier1,KegonsaPier1,KegonsaPier1,KegonsaPier1,KegonsaPier1,KegonsaPier1,KegonsaPier1,KegonsaPier1,KegonsaPier1,KegonsaPier1,KegonsaPier1,KegonsaPier1,KegonsaPier1,KegonsaPier1,KegonsaPier1,KegonsaPier1,KegonsaPier1,KegonsaPier1,KegonsaPier1,KegonsaPier1,KegonsaPier1,KegonsaPier1,KegonsaPier1,KegonsaPier1,KegonsaPier1,KegonsaPier1,KegonsaPier1,KegonsaPier1,KegonsaPier1,KegonsaPier1,KegonsaPier1,KegonsaPier1,KegonsaPier1,KegonsaPier1,KegonsaPier1,KegonsaPier1,KegonsaPier1,KegonsaPier1,KegonsaPier1,KegonsaPier1,KegonsaPier1,KegonsaPier1,KegonsaPier1,KegonsaPier1,KegonsaPier1,KegonsaPier1,KegonsaPier1,KegonsaPier1,KegonsaPier1,KegonsaPier1,KegonsaPier1,KegonsaPier1,KegonsaPier1,KegonsaPier1,KegonsaPier1,KegonsaPier1,KegonsaPier1,KegonsaPier1,KegonsaPier1,KegonsaPier1,KegonsaPier1,KegonsaPier1,KegonsaPier1,KegonsaPier1,KegonsaPier1,KegonsaPier1,KegonsaPier1,KegonsaPier1,KegonsaPier2,KegonsaPier2,KegonsaPier2,KegonsaPier2,KegonsaPier2,KegonsaPier2,KegonsaPier2,KegonsaPier2,KegonsaPier3,KegonsaPier3,KegonsaPier3,KegonsaPier3,KegonsaPier3,KegonsaPier3,KegonsaPier3,KegonsaPier3,KegonsaPier3,KegonsaPier3,KegonsaPier3,KegonsaPier3,KegonsaPier3,KegonsaPier3,KegonsaPier3,KegonsaPier3,KegonsaPier3,KegonsaPier3,KegonsaPier3,KegonsaPier3,KegonsaPier3,KegonsaPier3,KegonsaPier3,KegonsaPier3,KegonsaPier3,KegonsaPier3,KegonsaPier3,KegonsaPier3,KegonsaPier3,KegonsaPier3,KegonsaPier3,KegonsaPier4,KegonsaPier4,KegonsaPier4,KegonsaPier4,KegonsaPier4,KegonsaPier4,KegonsaPier4,KegonsaPier4,KegonsaPier4,KegonsaPier4,KegonsaPier4,KegonsaPier4,KegonsaPier4,KegonsaPier4,KegonsaPier4,KegonsaPier4,KegonsaPier4,KegonsaPier4,KegonsaPier4,KegonsaPier4,KegonsaPier4,KegonsaPier4,KegonsaPier4,KegonsaPier4,KegonsaPier4,KegonsaPier4,KegonsaPier4,KegonsaPier4,KegonsaPier4,KegonsaPier4,KegonsaPier4,KegonsaPier4,KegonsaPier4,KegonsaPier4,KegonsaPier4,KegonsaPier4,KegonsaPier4,KegonsaPier4,KegonsaPier4,KegonsaPier4,KegonsaPier4,KegonsaPier4,KegonsaPier4,KegonsaPier4,KegonsaPier4,KegonsaPier4,KegonsaPier4,KegonsaPier4,KegonsaPier4,KegonsaPier4,KegonsaPier4,KegonsaPier4,KegonsaPier4,KegonsaPier4,KegonsaPier4,KegonsaPier6,KegonsaPier6,KegonsaPier6,KegonsaPier6,KegonsaPier6,KegonsaPier6,KegonsaPier6,KegonsaPier6,KegonsaPier6,KegonsaPier6,KegonsaPier6,KegonsaPier6,KegonsaPier6,KegonsaPier6,KegonsaPier6,KegonsaPier6,KegonsaPier6,KegonsaPier6,KegonsaPier6,KegonsaPier6,KegonsaPier6,KegonsaPier6,KegonsaPier6,KegonsaPier6,KegonsaPier6,KegonsaPier6,KegonsaPier6,KegonsaPier6,KegonsaPier6,KegonsaPier6,KegonsaPier6,KegonsaPier6,KegonsaPier6,KegonsaPier6,KegonsaPier6,KegonsaPier6,KegonsaPier6,KegonsaPier6,KegonsaPier6,KegonsaPier6,KegonsaPier6,KegonsaPier6,KegonsaPier6,KegonsaPier6,KegonsaPier6,KegonsaPier6,KegonsaPier6,KegonsaPier6,KegonsaPier6,KegonsaPier6,KegonsaPier7,KegonsaPier7,KegonsaPier7,KegonsaPier7,KegonsaPier7,KegonsaPier7,KegonsaPier7,KegonsaPier7,KegonsaPier7,KegonsaPier7,KegonsaPier7,KegonsaPier7,KegonsaPier7,KegonsaPier7,KegonsaPier7,KegonsaPier7,KegonsaPier7,KegonsaPier7,KegonsaPier7,KegonsaPier7,KegonsaPier7,KegonsaPier7,KegonsaPier7,KegonsaPier7,KegonsaPier7,KegonsaPier7,KegonsaPier7,KegonsaPier7,KegonsaPier7,KegonsaPier7,KegonsaPier7,KegonsaPier7,KegonsaPier7,KegonsaPier7,KegonsaPier7,KegonsaPier7,KegonsaPier7,KegonsaPier7,KegonsaPier7,KegonsaPier7,KegonsaPier7,KegonsaPier7,KegonsaPier7,KegonsaPier7,KegonsaPier7,KegonsaPier7,KegonsaPier7,KegonsaPier7,KegonsaPier7,KegonsaPier7,KegonsaPier7,KegonsaPier7,KegonsaPier7,KegonsaPier7,KegonsaPier7,KegonsaPier7,KegonsaPier7,KegonsaPier7,KegonsaPier7,KegonsaPier7,KegonsaPier7,KegonsaPier7,KegonsaPier7,KegonsaPier7,KegonsaPier7,KegonsaPier7,KegonsaPier7,KegonsaPier7,KegonsaPier7,KegonsaPier7,KegonsaPier7,KegonsaPier7,KegonsaPier7,KegonsaPier7,KegonsaPier7,KegonsaPier7,KegonsaPier7,KegonsaPier7,KegonsaPier7,KegonsaPier7,KegonsaPier7,KegonsaPier7,KegonsaPier7,KegonsaPier7,KegonsaPier7,KegonsaPier7,KegonsaPier7,KegonsaPier7,KegonsaPier7,KegonsaPier7,KegonsaPier7,KegonsaPier7,KegonsaPier7,KegonsaPier7,KegonsaPier7,KegonsaPier7,KegonsaPier7,KegonsaPier7,KegonsaPier7,KegonsaPier7,KegonsaPier7,KegonsaPier7,KegonsaPier7,KegonsaPier7,KegonsaPier7,KegonsaPier7,KegonsaPier7,KegonsaPier7,KegonsaPier7,KegonsaPier7,KegonsaPier7,KegonsaPier7,KegonsaPier7,KegonsaPier7,KegonsaPier7,KegonsaPier7,KegonsaPier7,KegonsaPier7,KegonsaPier7,KegonsaPier7,KegonsaPier7,KegonsaPier7,KegonsaPier7,KegonsaPier7,KegonsaPier7,KegonsaPier7,KegonsaPier7,KegonsaPier7,KegonsaPier7,KegonsaPier7,KegonsaPier7,KegonsaPier7,KegonsaPier7,KegonsaPier7,KegonsaPier7,KegonsaPier7,KegonsaPier7,KegonsaPier7,KegonsaPier7,KegonsaPier7,KegonsaPier7,KegonsaPier7,KegonsaPier7,KegonsaPier7,KegonsaPier7,KegonsaPier7,KegonsaPier7,KegonsaPier7,KegonsaPier7,KegonsaPier7,KegonsaPier7,KegonsaPier7,KegonsaPier7,KegonsaPier7,KegonsaPier7,KegonsaPier7,KegonsaPier7,KegonsaPier7,KegonsaPier7,KegonsaPier7,KegonsaPier7,KegonsaPier7,KegonsaPier7,KegonsaPier7,KegonsaPier7,KegonsaPier7,KegonsaPier7,KegonsaPier7,KegonsaPier7,KegonsaPier7,KegonsaPier7,KegonsaPier7,KegonsaPier7,KegonsaPier7,KegonsaPier7,KegonsaPier7,KegonsaPier7,KegonsaPier7,KegonsaPier7,KegonsaPier7,KegonsaPier7,KegonsaPier7,KegonsaPier7,KegonsaPier7,KegonsaPier7,KegonsaPier7,KegonsaPier7,KegonsaPier7,KegonsaPier7,KegonsaPier7,KegonsaPier7,KegonsaPier7,KegonsaPier7,KegonsaPier7,KegonsaPier7,KegonsaPier7,KegonsaPier7,KegonsaPier7,KegonsaPier7,KegonsaPier7,KegonsaPier7,KegonsaPier7,KegonsaPier7,KegonsaPier7,KegonsaPier7,KegonsaPier7,KegonsaPier7,KegonsaPier7,KegonsaPier7,KegonsaPier7,KegonsaPier7,KegonsaPier7,KegonsaPier7,KegonsaPier7,KegonsaPier7,KegonsaPier7,KegonsaPier7,KegonsaPier7,KegonsaPier7,KegonsaPier7,KegonsaPier7,KegonsaPier7,KegonsaPier8,KegonsaPier8,KegonsaPier8,KegonsaPier8,KegonsaPier8,KegonsaPier8,KegonsaPier8,KegonsaPier8,KegonsaPier8,KegonsaPier8,KegonsaPier8,KegonsaPier8,KegonsaPier8
6/4/16 11:00,6/11/16 7:19,6/18/16 18:33,6/26/16 18:31,6/30/16 18:37,7/7/16 20:14,7/14/16 12:53,7/23/16 12:56,7/28/16 19:47,8/4/16 18:42,8/11/16 18:45,8/19/16 16:30,6/17/14 10:30,6/20/14 22:30,6/22/14 14:33,6/24/14 11:51,6/26/14 13:30,6/30/14 14:00,7/2/14 22:13,7/6/14 11:00,7/8/14 14:00,7/14/14 14:30,7/17/14 23:30,7/20/14 10:30,7/23/14 10:00,7/26/14 10:00,7/29/14 14:31,7/31/14 11:00,8/2/14 15:27,8/4/14 13:30,8/6/14 1:00,8/9/14 10:00,8/12/14 15:00,8/14/14 14:30,8/17/14 10:30,8/20/14 14:00,8/25/14 14:30,8/28/14 15:00,6/2/15 13:15,6/4/15 12:15,6/6/15 13:15,6/8/15 11:23,6/12/15 11:30,6/25/15 10:47,6/26/15 14:30,6/27/15 13:05,6/28/15 13:00,6/30/15 10:30,7/2/15 11:04,7/4/15 10:29,7/9/15 12:31,7/12/15 10:51,7/14/15 13:30,7/16/15 12:33,7/18/15 13:45,7/24/15 11:07,7/26/15 10:45,7/28/15 10:39,7/31/15 10:53,8/14/15 11:23,8/16/15 11:20,8/18/15 13:17,8/23/15 13:22,8/25/15 15:59,8/28/15 11:16,6/2/16 10:00,6/5/16 11:26,6/6/16 13:00,6/8/16 12:30,6/9/16 10:00,6/10/16 13:15,6/11/16 10:03,6/14/16 13:45,6/15/16 10:36,6/16/16 10:15,6/17/16 10:45,6/23/16 14:49,6/25/16 14:00,6/26/16 14:15,6/27/16 13:23,6/28/16 13:30,6/29/16 13:00,6/30/16 9:00,7/3/16 9:00,7/7/16 9:00,7/8/16 9:30,7/13/16 12:50,7/15/16 10:10,7/16/16 10:00,7/20/16 10:00,7/20/16 10:00,7/25/16 13:00,7/26/16 14:30,7/27/16 13:00,7/28/16 15:15,7/29/16 11:00,8/2/16 13:15,8/4/16 9:54,8/7/16 10:15,8/10/16 15:15,8/11/16 10:30,8/12/16 14:30,8/13/16 11:40,8/14/16 10:30,8/18/16 11:15,8/22/16 10:45,8/25/16 9:30,8/28/16 12:25,8/31/16 13:45,6/22/14 18:00,7/6/14 19:30,7/14/14 17:00,7/20/14 19:00,7/27/14 19:00,8/3/14 18:45,8/10/14 18:00,8/17/14 20:00,7/2/14 9:50,7/13/14 13:00,7/20/14 14:00,7/31/14 9:20,8/5/14 10:10,8/13/14 10:40,8/17/14 14:35,8/24/14 13:20,6/4/15 10:30,6/15/15 10:45,6/20/15 10:00,6/25/15 15:45,7/13/15 10:30,7/23/15 19:30,7/30/15 13:25,8/6/15 16:30,8/14/15 12:50,8/20/15 11:30,8/27/15 11:50,6/2/16 10:55,6/9/16 13:50,6/16/16 9:45,6/24/16 9:10,6/30/16 9:15,7/7/16 14:05,7/14/16 11:00,7/21/16 11:30,7/29/16 10:00,8/4/16 6:45,8/11/16 9:04,8/18/16 11:50,6/4/14 17:30,6/7/14 16:30,6/15/14 10:12,6/18/14 17:05,6/21/14 18:30,6/28/14 18:08,7/2/14 16:22,7/6/14 18:21,7/9/14 19:00,7/19/14 16:19,7/27/14 16:14,8/1/14 17:13,8/3/14 6:54,8/3/14 19:42,8/8/14 16:25,8/13/14 19:42,8/31/14 8:30,8/31/14 16:39,6/3/15 16:49,6/6/15 12:13,6/7/15 15:40,6/10/15 18:47,6/13/15 17:00,6/14/15 14:12,6/20/15 14:34,6/24/15 17:49,7/7/15 17:39,7/16/15 18:24,7/18/15 15:00,7/19/15 16:35,7/21/15 17:40,7/24/15 15:24,7/31/15 10:38,8/1/15 20:38,8/7/15 17:33,8/12/15 18:35,8/14/15 14:03,8/19/15 18:40,8/29/15 14:37,6/1/16 17:25,6/4/16 15:31,6/8/16 19:12,6/12/16 13:40,6/15/16 16:17,6/18/16 16:07,6/21/16 17:06,6/25/16 11:54,7/8/16 14:47,7/9/16 13:38,7/10/16 16:30,7/13/16 17:08,7/24/16 8:50,7/30/16 13:58,8/6/16 9:25,8/22/16 14:05,7/2/14 10:00,7/5/14 8:00,7/12/14 8:00,7/19/14 7:45,7/26/14 8:15,8/1/14 10:45,8/6/14 15:40,8/10/14 13:50,8/16/14 10:15,8/23/14 10:45,8/28/14 10:45,6/4/15 9:40,6/11/15 9:40,6/18/15 9:50,6/25/15 9:19,7/2/15 8:15,7/9/15 10:09,7/16/15 9:40,7/24/15 8:55,7/25/15 16:47,7/26/15 14:00,7/30/15 12:00,8/6/15 9:41,8/13/15 8:00,8/20/15 9:45,8/27/15 8:15,6/2/16 15:00,6/5/16 10:15,6/9/16 8:20,6/12/16 10:00,6/16/16 7:05,6/19/16 9:30,6/23/16 8:35,6/26/16 10:30,6/30/16 8:20,7/3/16 11:15,7/7/16 10:35,7/10/16 10:10,7/14/16 8:45,7/17/16 10:15,7/21/16 9:55,7/24/16 10:05,7/28/16 10:05,7/31/16 10:20,8/4/16 8:30,8/7/16 15:00,8/11/16 10:10,8/14/16 10:45,8/22/16 17:26,8/25/16 9:45,6/6/14 8:41,6/7/14 10:05,6/8/14 11:06,6/9/14 8:29,6/10/14 9:58,6/11/14 9:58,6/12/14 15:50,6/13/14 15:11,6/14/14 9:23,6/15/14 8:45,6/16/14 8:35,6/17/14 9:21,6/18/14 10:44,6/19/14 9:35,6/20/14 8:59,6/21/14 9:00,6/22/14 9:54,6/23/14 9:40,6/24/14 10:55,6/25/14 9:28,6/26/14 9:15,6/27/14 9:40,6/28/14 8:59,6/29/14 9:36,6/30/14 14:12,7/1/14 9:45,7/2/14 9:50,7/3/14 8:28,7/4/14 9:55,7/5/14 9:04,7/6/14 9:43,7/7/14 9:03,7/8/14 8:45,7/9/14 9:12,7/10/14 9:51,7/11/14 8:16,7/12/14 9:46,7/13/14 15:20,7/14/14 8:35,7/15/14 6:29,7/27/14 6:35,7/28/14 8:11,7/29/14 8:04,7/30/14 7:50,7/31/14 9:27,8/1/14 8:02,8/2/14 9:12,8/3/14 9:23,8/4/14 10:11,8/5/14 8:04,8/6/14 9:13,8/7/14 8:41,8/11/14 9:41,8/12/14 9:17,8/13/14 9:06,8/14/14 8:41,8/15/14 7:23,8/16/14 6:49,8/20/14 6:46,8/21/14 8:19,8/22/14 7:38,8/23/14 8:40,8/24/14 9:33,8/25/14 12:08,8/26/14 7:35,8/27/14 7:11,8/28/14 6:40,6/1/15 8:26,6/2/15 8:30,6/3/15 7:54,6/4/15 8:15,6/5/15 8:01,6/6/15 7:56,6/7/15 8:07,6/8/15 7:59,6/9/15 8:21,6/10/15 6:50,6/11/15 8:10,6/12/15 9:05,6/13/15 8:49,6/14/15 8:24,6/15/15 8:51,6/16/15 8:08,6/17/15 7:24,6/18/15 7:14,6/19/15 8:22,6/20/15 8:12,6/21/15 8:56,6/22/15 8:07,6/23/15 8:32,6/24/15 8:59,6/25/15 9:17,6/26/15 8:46,6/27/15 7:57,6/28/15 11:00,6/29/15 9:07,6/30/15 8:17,7/1/15 8:16,7/2/15 7:16,7/3/15 8:12,7/4/15 8:33,7/5/15 9:01,7/6/15 8:04,7/7/15 8:43,7/8/15 9:04,7/9/15 8:50,7/10/15 8:09,7/11/15 8:50,7/12/15 11:41,7/13/15 8:20,7/14/15 8:32,7/15/15 8:57,7/16/15 8:29,7/17/15 6:47,7/18/15 9:09,7/19/15 6:57,7/20/15 8:42,7/21/15 9:10,7/22/15 8:51,7/23/15 8:10,7/24/15 8:52,7/25/15 8:55,7/26/15 8:57,7/27/15 8:21,7/28/15 8:44,7/29/15 8:23,7/30/15 7:07,8/2/15 14:37,8/3/15 8:12,8/4/15 8:19,8/5/15 8:52,8/6/15 8:40,8/7/15 8:51,8/8/15 8:41,8/9/15 8:34,8/10/15 8:48,8/11/15 8:24,8/12/15 8:19,8/13/15 7:13,8/14/15 8:29,8/15/15 8:59,8/16/15 9:02,8/17/15 8:00,8/18/15 8:57,8/19/15 9:11,8/20/15 8:46,8/21/15 7:31,8/22/15 8:04,8/23/15 9:29,8/24/15 8:20,8/25/15 9:07,8/26/15 8:06,8/27/15 7:11,8/28/15 7:01,8/29/15 7:43,8/30/15 8:46,8/31/15 8:12,6/1/16 8:18,6/2/16 7:22,6/3/16 8:20,6/4/16 9:48,6/5/16 9:48,6/8/16 9:45,6/9/16 8:40,6/10/16 8:35,6/11/16 8:57,6/12/16 8:50,6/13/16 9:53,6/14/16 9:10,6/15/16 10:23,6/16/16 7:00,6/17/16 9:12,6/18/16 8:30,6/25/16 8:50,6/26/16 9:47,6/27/16 8:31,6/28/16 10:33,6/29/16 10:13,6/30/16 9:58,7/1/16 9:55,7/2/16 10:31,7/4/16 8:53,7/6/16 8:21,7/9/16 8:14,7/10/16 8:14,7/11/16 8:36,7/12/16 10:58,7/13/16 9:44,7/15/16 8:37,7/16/16 9:07,7/20/16 7:50,7/21/16 8:53,7/22/16 8:56,7/23/16 9:12,7/24/16 9:26,7/25/16 9:15,7/26/16 9:36,7/27/16 8:36,7/28/16 7:09,7/29/16 7:51,7/31/16 10:03,8/1/16 9:19,8/4/16 17:51,8/5/16 8:21,8/6/16 9:11,8/7/16 9:45,8/8/16 9:42,8/9/16 9:19,8/10/16 8:52,8/11/16 9:05,8/12/16 9:34,8/16/16 9:25,8/17/16 9:38,8/18/16 8:53,8/22/16 9:29,8/23/16 8:20,8/24/16 9:24,8/25/16 9:20,8/27/16 8:52,8/28/16 9:53,8/29/16 9:02,8/30/16 9:53,6/1/14 11:00,6/5/14 9:00,7/3/14 8:20,7/5/14 10:15,7/16/14 12:30,7/20/14 8:15,8/1/14 8:45,8/4/14 7:55,8/7/14 9:00,8/8/14 10:00,8/10/14 9:15,8/22/14 17:08,8/30/14 9:25
1,1,1,1,1,1,1,1,1,1,1,1,1,1,1,2,2,1,1,1,2,1,3,1,1,1,2,1,1,1,1,1,1,2,1,1,1,1,2,1,1,2,1,2,2,1,1,3,2,2,2,1,1,1,1,1,1,1,1,1,1,1,1,1,1,1,1,1,2,1,1,1,1,1,1,1,1,1,1,1,1,2,1,1,1,1,1,1,2,1,1,2,2,2,2,2,1,1,1,1,1,1,2,2,1,1,1,1,1,1,1,2,1,1,2,1,1,1,1,1,1,2,1,1,1,1,2,3,1,2,2,1,3,1,1,1,2,2,1,3,1,1,1,1,1,1,1,1,1,1,1,1,1,1,1,1,1,1,1,1,1,1,1,1,1,1,1,1,1,3,1,3,1,1,1,1,1,1,1,1,1,2,1,2,2,1,2,1,1,1,1,1,2,1,1,1,1,1,1,1,1,1,1,1,2,2,2,2,2,2,2,2,1,2,1,2,1,2,1,2,2,1,1,1,1,1,1,1,1,1,1,1,1,1,1,1,1,3,1,1,1,1,1,1,1,1,1,1,1,1,1,1,1,1,2,1,1,1,1,1,1,2,2,1,1,1,1,1,2,3,3,3,3,2,2,2,1,2,2,1,2,3,2,2,2,1,1,2,1,2,1,1,1,2,1,1,2,2,1,2,2,1,1,2,2,3,1,1,1,1,1,1,1,2,2,3,1,1,1,1,1,1,1,1,1,1,1,1,1,1,1,1,2,2,1,1,2,1,1,2,2,3,1,3,2,1,1,1,1,1,1,1,1,1,1,1,1,1,3,1,1,1,1,1,1,3,1,2,1,1,1,2,1,2,1,2,2,2,1,1,1,1,1,2,1,1,1,3,3,1,3,1,1,1,1,1,2,1,1,1,2,1,1,1,1,1,1,1,1,1,1,1,1,1,1,1,1,1,1,1,1,1,1,1,1,1,1,1,1,1,2,2,1,1,1,1,1,1,1,1,1,1,1,1,1,1,1,1,1,2,1,1,1,1,2,1,1,1,2,1,1,1,1,1,1,1,1,2,2,1,1,2,2,2,1,1,1,1,2,2,2,3,3,2,2,2,2,2
0,0,0,0,0,0,0,0,0,0,0,0,0,0,0,2,2,0,0,0,2,0,2,0,0,0,2,0,0,0,0,0,0,2,0,0,0,0,2,0,0,2,0,2,2,0,0,2,2,2,2,0,0,0,0,0,0,0,0,0,0,0,0,0,0,0,0,0,2,0,0,0,0,0,0,0,0,0,0,0,0,2,0,0,0,0,0,0,2,0,0,2,2,2,2,2,0,0,0,0,0,0,2,2,0,0,0,0,0,0,0,2,0,0,1,0,0,0,0,0,0,2,0,0,0,0,2,2,0,2,2,0,2,0,0,0,2,2,0,2,0,0,0,0,0,0,0,0,0,0,0,0,0,0,0,0,0,0,0,0,0,0,0,0,0,0,0,0,0,2,0,1,0,0,0,0,0,0,0,0,0,1,0,1,2,0,1,0,0,0,0,0,1,0,0,0,0,0,0,0,0,0,0,0,2,0,0,0,0,0,0,0,0,0,0,1,0,2,0,2,2,0,0,0,0,0,0,0,0,0,0,0,0,0,0,0,0,1,0,0,0,0,0,0,0,0,0,0,0,0,0,0,0,0,2,0,0,0,0,0,0,2,2,0,0,0,0,0,2,2,1,1,1,2,2,2,0,2,2,0,2,2,2,2,2,0,0,2,0,2,0,0,0,2,0,0,2,2,0,2,2,0,0,2,2,2,0,0,0,0,0,0,0,2,2,2,0,0,0,0,0,0,0,0,0,0,0,0,0,0,0,0,2,2,0,0,2,0,0,2,2,2,0,2,2,0,0,0,0,0,0,0,0,0,0,0,0,0,2,0,0,0,0,0,0,2,0,2,0,0,0,2,0,2,0,2,2,2,0,0,0,0,0,2,0,0,0,2,2,0,2,0,0,0,0,0,2,0,0,0,2,0,0,0,0,0,0,0,0,0,0,0,0,0,0,0,0,0,0,0,0,0,0,0,0,0,0,0,0,0,2,1,0,0,0,0,0,0,0,0,0,0,0,0,0,0,0,0,0,2,0,0,0,0,2,0,0,0,2,0,0,0,0,0,0,0,0,2,2,0,0,2,2,2,0,0,0,0,2,2,2,2,2,2,2,2,2,2
1,1,3,3,1,1,2,2,1,1,1,1,1,1,1,1,1,1,1,1,1,1,1,1,1,1,1,1,1,1,1,1,1,1,1,1,1,1,1,1,1,1,1,1,1,1,1,1,1,1,1,1,1,1,1,1,1,1,1,1,1,1,1,1,1,1,1,1,1,1,1,1,1,1,1,1,1,1,1,1,1,1,1,1,1,1,1,1,1,1,1,1,1,1,1,1,1,1,1,1,1,1,1,1,1,1,1,1,1,1,1,1,1,1,1,1,1,1,1,1,1,1,1,1,1,1,1,1,1,1,1,1,1,1,1,1,1,1,1,1,1,1,1,1,1,1,1,1,1,1,1,1,1,1,1,1,1,1,1,1,1,1,1,1,1,2,1,1,1,1,1,1,1,1,1,1,1,1,1,1,1,1,1,1,1,1,1,1,1,1,1,1,1,1,1,1,1,1,1,1,1,1,1,1,1,1,1,1,1,1,1,1,1,1,1,1,1,1,1,1,1,1,1,1,1,1,1,1,1,1,1,1,1,1,1,1,1,1,1,1,1,1,1,1,1,1,1,1,1,1,1,1,1,1,1,1,1,1,1,1,1,1,1,1,1,1,1,1,1,1,1,1,1,1,1,1,1,2,1,1,1,1,1,2,1,1,1,1,1,1,1,1,1,1,1,1,1,1,1,1,1,1,1,1,1,1,1,1,1,1,1,1,1,1,1,1,1,1,1,1,1,1,1,1,1,1,1,1,1,1,1,1,1,1,1,1,1,1,1,1,1,1,1,1,1,1,1,1,1,1,1,1,1,1,1,1,1,1,1,1,1,2,1,1,1,1,1,1,1,1,1,1,1,1,1,1,1,1,1,1,1,1,1,1,1,1,1,2,1,1,1,1,1,1,1,1,2,1,1,1,1,1,1,1,1,1,1,1,1,1,1,1,1,1,1,1,1,1,1,1,1,1,1,1,1,1,1,2,1,1,1,1,1,1,1,1,1,1,1,1,1,1,1,1,1,1,1,1,1,1,1,1,1,1,1,1,1,1,1,1,1,1,1,1,1,1,1,2,1,1,1,1,1,1,1,1,1,1,1,1,1,1,1,1,1,1,1,1
2,1,2,2,2,2,2,2,2,2,2,1,2,1,2,2,2,2,1,1,2,1,2,1,1,1,2,1,2,2,1,1,1,1,1,1,1,1,1,2,1,1,1,2,2,2,1,1,1,1,2,1,2,1,2,2,1,1,1,1,1,1,1,1,1,1,2,1,2,1,2,2,2,2,1,1,1,2,2,2,2,2,1,2,1,1,2,1,2,1,1,1,2,2,2,2,1,1,1,2,1,2,2,2,2,2,1,1,1,2,3,2,3,1,3,3,3,1,2,2,1,2,1,2,2,2,1,2,1,2,1,1,2,1,1,1,2,2,1,1,2,1,2,2,2,1,2,1,1,1,1,1,1,1,1,1,1,1,1,1,1,1,1,1,1,2,1,2,2,2,1,1,2,2,2,1,1,2,2,1,1,2,1,2,1,1,1,1,2,2,1,1,2,1,1,1,2,1,1,1,2,2,1,1,2,1,2,1,1,1,1,1,1,1,1,1,2,1,1,1,1,1,1,1,1,1,1,1,1,2,2,1,1,1,1,1,1,1,1,1,1,1,1,1,1,1,2,1,1,1,2,1,1,1,2,1,1,1,1,1,2,2,1,1,1,2,1,2,1,2,2,3,3,2,2,2,2,2,2,2,2,3,2,2,2,2,2,2,2,2,2,2,2,2,1,2,2,2,1,2,1,1,1,1,1,2,1,2,1,1,1,1,1,1,3,1,1,1,1,1,1,2,2,1,1,1,1,1,1,2,2,1,1,1,1,1,1,2,1,2,2,3,1,3,1,1,1,1,1,2,1,1,2,1,2,2,1,1,1,1,1,1,1,1,1,2,2,2,2,1,1,3,1,2,1,1,1,2,2,1,1,2,2,1,1,1,1,1,2,2,2,1,1,1,1,1,1,1,1,1,1,1,1,1,1,1,1,1,1,1,1,1,2,1,1,1,2,1,1,1,1,1,1,1,1,1,1,1,1,1,1,1,1,1,1,1,1,1,1,1,1,1,1,1,1,1,1,1,1,1,1,1,1,1,1,1,1,1,2,1,1,2,2,1,1,1,1,2,1,1,1,1,1,1,1,2,1,1,2,1,1,1,2,2,2,2,3,3
2,2,2,3,3,3,3,3,3,3,3,3,1,1,1,1,1,2,1,1,1,1,3,3,3,3,3,3,3,3,3,3,3,3,3,3,3,3,1,3,1,1,1,3,2,1,1,3,1,1,1,2,2,3,3,3,3,3,3,2,3,3,3,2,3,2,2,2,2,2,2,2,2,2,2,2,2,2,2,1,1,1,1,2,1,2,2,1,1,3,3,1,1,1,1,1,2,2,1,2,2,1,1,1,2,1,2,1,1,2,2,3,2,2,2,1,1,1,3,3,2,3,3,3,3,1,2,3,3,3,3,2,3,3,2,3,2,2,2,2,2,2,2,3,2,2,2,2,1,1,1,2,1,2,2,1,2,2,3,3,3,3,3,3,1,1,1,1,1,2,1,3,2,2,2,2,2,2,3,2,2,2,2,3,1,2,3,1,1,1,2,1,2,1,1,2,2,3,2,1,2,1,2,3,1,1,1,1,1,1,1,1,1,1,1,2,2,2,1,1,1,1,1,1,1,2,2,2,2,1,2,1,1,2,1,1,2,1,1,1,1,1,1,1,1,1,1,1,1,1,1,1,1,1,1,2,2,2,2,2,2,3,3,2,2,2,2,2,2,3,3,3,3,3,3,3,3,3,3,3,3,3,3,3,3,3,2,3,3,3,3,3,3,3,3,3,3,3,3,3,3,3,3,3,3,3,3,3,3,3,3,3,3,3,3,3,3,3,3,3,1,1,1,1,1,1,1,1,1,1,2,1,1,1,1,2,1,1,1,1,1,2,3,3,2,2,2,1,1,2,2,2,2,1,1,1,3,1,1,1,1,1,2,3,1,2,2,3,3,2,3,2,2,1,2,2,2,2,2,2,2,2,2,2,2,2,3,3,3,3,3,2,2,2,2,2,2,2,2,2,2,2,2,3,2,2,2,2,2,2,1,1,1,1,1,1,1,1,2,2,1,2,2,2,2,2,1,1,2,2,2,1,2,2,2,2,3,2,1,2,1,2,1,1,1,2,1,2,2,1,1,1,1,1,1,1,1,1,1,1,1,1,2,1,2,1,1,2,1,1,2,1,1,1,1,1,1,1,2,2,2,2,2,2,2,2,3,2
1,1,1,1,1,1,1,1,1,1,1,1,1,1,1,1,1,1,1,1,1,1,1,1,1,1,1,1,1,1,1,1,1,1,1,1,1,1,1,1,1,1,1,1,1,1,1,1,1,1,1,1,2,1,1,1,1,1,1,1,1,1,1,1,1,1,1,1,1,1,1,1,1,1,1,1,1,1,1,1,1,1,1,1,1,1,1,1,1,1,1,1,1,1,1,1,1,1,1,1,1,1,1,1,1,1,1,1,1,1,1,1,1,1,1,1,1,1,1,1,1,1,1,1,1,1,1,1,1,1,1,1,2,1,1,1,1,2,1,1,1,1,1,2,1,2,1,2,1,1,1,1,1,1,1,1,1,1,1,1,1,1,1,1,1,1,2,1,1,1,1,1,1,1,1,1,1,1,1,1,1,1,1,1,2,1,1,1,1,1,1,1,1,1,1,1,1,1,1,1,1,1,1,1,1,1,1,1,1,1,2,2,3,1,1,1,1,1,1,1,2,1,1,1,1,1,1,1,1,2,1,1,1,1,1,1,1,1,1,1,2,1,1,2,1,1,1,1,1,1,1,1,1,1,1,1,1,1,1,1,1,1,2,1,1,1,1,1,1,1,1,1,1,2,1,2,1,1,1,1,1,2,1,1,1,1,2,1,1,3,1,1,1,2,1,1,1,1,1,1,1,1,1,1,1,2,1,1,1,1,1,1,1,1,1,1,1,1,1,1,1,2,1,1,1,1,1,1,1,1,1,1,1,1,1,1,1,1,1,1,1,1,1,2,1,1,1,2,1,1,1,1,2,1,2,1,1,1,1,1,2,1,1,1,1,1,1,1,1,1,1,1,1,1,1,1,1,1,1,1,2,1,2,2,1,1,1,1,1,1,1,1,2,1,1,1,2,1,1,1,1,1,1,1,1,1,2,1,1,1,1,1,1,1,1,1,2,1,1,1,1,1,1,1,1,3,3,1,1,1,2,1,1,1,1,1,1,1,1,1,1,1,1,1,1,1,1,1,1,1,1,1,1,1,1,1,1,1,1,1,1,1,1,1,1,1,2,1,2,1,1,1,1,1,1,1,2,2,1,1,1,2,1,2,2,1,2,1
1,1,1,1,2,2,1,1,1,1,1,1,1,1,1,1,1,2,1,1,2,2,1,2,1,1,1,1,1,2,1,1,1,1,1,1,1,1,1,2,1,1,1,1,1,1,1,1,1,1,1,1,1,1,2,2,1,2,2,1,2,1,2,1,1,1,1,2,1,1,2,1,1,1,1,1,1,2,2,2,1,1,1,1,1,2,2,1,1,2,2,1,1,1,1,1,1,2,1,2,2,1,1,1,1,2,1,1,1,1,2,2,3,1,1,2,1,2,1,1,1,1,2,2,2,1,1,1,2,1,1,2,1,1,2,1,1,1,3,1,1,1,1,3,3,1,1,1,1,2,1,2,1,1,3,1,2,1,3,1,1,1,2,2,1,2,1,1,1,1,1,1,1,1,2,1,1,1,2,1,1,1,1,1,1,1,1,1,1,1,2,1,1,1,1,2,2,2,1,1,2,2,1,3,1,1,1,1,1,1,1,1,1,1,1,1,2,1,1,1,1,1,2,1,3,1,1,3,1,1,3,1,2,3,1,1,1,1,1,1,1,2,2,1,1,2,1,1,2,1,1,1,2,1,1,2,1,1,2,2,3,1,1,1,1,2,1,1,1,1,1,1,1,1,1,1,1,1,3,3,2,1,1,1,2,3,3,1,1,1,3,1,3,1,3,2,1,1,1,1,1,2,1,1,1,1,3,2,1,1,1,1,1,1,1,1,1,2,1,1,1,1,1,1,1,1,1,1,1,2,1,1,1,1,1,1,1,1,1,1,1,1,3,1,1,1,2,1,1,2,1,1,1,1,1,1,3,1,1,1,1,1,1,3,1,1,2,1,2,1,2,1,1,1,1,1,1,1,2,2,3,3,1,1,1,1,2,1,1,2,1,1,1,1,1,1,1,2,2,1,1,2,2,2,1,1,1,1,1,1,1,1,1,1,3,1,1,1,1,1,1,1,1,3,1,1,1,1,2,2,1,1,3,1,1,1,3,1,1,2,1,2,1,1,1,2,1,1,2,1,1,1,1,1,1,1,2,2,1,1,1,1,1,1,1,1,1,1,1,1,2,1,1,1,1,2,1,1,3,2,1,1,1,1,1,2,2,1
76.4,73.8,84.2,78,78.8,82.4,84,84,79.7,80,82,84,75.2,73.4,80.1,82.4,80.6,80.6,72.1,72.3,76.5,77.5,77,75.4,78.1,72.3,75.9,73.8,84.6,81.1,79.5,76.1,73.9,78.3,75.4,81,77,77,70.7,73.8,71.6,75.2,68.2,76.6,75.6,79.2,74.1,74.3,72.3,78.1,75.2,76.3,79.9,73.8,81,81.1,77,79.5,77.7,77.7,81.9,80.6,72.3,71.1,69.8,71.6,73.9,72.7,70.9,68,75.6,75.2,80.2,77,76.3,75.2,79.9,81.1,83.5,80.6,78.4,80.6,74.7,73.6,77.5,77,81,74.7,75.2,79.9,79.9,83.5,87.3,86.7,83.7,78.6,81.7,82.4,79.2,85.5,80.6,82.4,79.9,80.6,82.4,72.3,77.7,77,79.9,78.1,80.7,78.8,77.4,71.8,77.3,76.4,79,72.3,78.6,75.2,74.8,74.5,73.4,77.5,79.9,68,69.1,73.4,73.2,75.9,80.1,80.1,85.6,79.3,72.7,71.6,71.2,70.2,70.9,74.4,75.9,78.1,77.4,77,76.5,78.4,79.2,83.1,72.3,74.5,68.4,74.8,75.2,75.2,73.4,73.4,75,74.7,77,77.7,74.8,78.8,78.8,76.1,74.3,77,66.2,70.5,68.2,77.2,69.8,74.7,73.4,75,72.1,73.9,75.7,80.2,78.6,76.6,77.7,79.9,77,83.7,81.5,75.4,69.4,73.4,75.9,75.2,71.1,80,82.6,80.1,78.8,80.8,78.6,78.4,78.8,78.3,81,78.8,78.6,72.7,73.2,74.5,72.3,73.6,77,82.9,79,74.7,75.9,76.5,68,75.2,75.2,75.2,71.6,73.4,74.7,79.7,83.7,78.8,78.1,76.3,78.1,72.7,69.3,72.9,69.8,68.5,71.2,74.1,76.3,74.8,75.7,75.2,74.5,77,75.6,75.9,75.2,77.5,78.8,79.7,77.4,80.4,80.6,79.9,80.1,76.5,75.9,71.1,73.8,68,68,69.8,68,73.6,70.9,68.8,69.3,70,71.4,73,71.6,70.7,73.6,75.6,74.7,80.1,78.6,75.6,75.6,75.9,76.3,80.6,74.8,72.3,69.8,75.2,73.6,73.4,74.7,74.1,72.3,75.7,74.5,75.2,78.1,74.1,68.4,75.2,69.1,69.6,71.4,75,74.1,75.6,77.7,78.3,75.2,76.8,74.7,76.8,71.1,72.9,73,72.3,74.1,75.2,77.4,76.3,76.8,76.3,74.7,75,76.3,75.2,61.3,62.6,64.4,65.7,68.9,66,66.4,68.7,69.8,71.6,74.7,66.7,67.8,69.8,72.5,70.3,70.9,74.1,72.1,70.7,70.7,74.3,69.6,73.9,74.1,71.2,69.8,71.4,71.6,70.9,69.8,68.9,69.8,73.8,75.4,75.2,70.5,70.9,70.2,74.3,76.3,76.1,73.4,73.4,73.4,73.8,73,77,75.9,76.5,72.3,75.7,77.7,78.6,77,77.4,75,75.4,76.5,73.9,82.4,74.1,73.4,75.9,74.5,75.2,73.4,73.9,74.8,73.4,74.7,77,76.5,77.7,79.5,78.8,78.3,75.2,71.6,71.1,72.3,72.1,67.5,64.6,66.9,67.3,69.3,68.5,69.1,69.4,67.8,69.3,71.6,72.7,69.8,67.8,69.1,69.1,71.2,72,68.4,71.6,72.7,73,72.7,73.2,74.7,75.2,75.2,72.1,76.1,77.7,70.9,74.5,73.2,75.6,71.4,74.7,75.9,76.5,77.7,73.4,73.4,77.7,78.1,75.9,80.6,78.1,77,80.6,81.5,80.6,75.9,76.5,77.9,83.7,77.7,77,78.8,78.1,77.2,79.5,79.5,78.8,78.1,79.5,79.5,75.2,74.7,75.2,75.2,75.2,75.2,75.2,75.9,75.2,71.1,72.9,79.1,75.4,72.9,73.4,74.7,74.6,75.6,77,75.3,75.6
54,48.2,42,42,31.8,47.3,42,42.2,57,55,47,55.5,28,78,90,55,118,31,118,45,53,63,36,30,49,19,49,44,22,23,63,36,49,61,38,38,36,28,120,66,120,92,120,65,92,120,80,57,100,120,120,60,55,55,35,32,56,50,49,64,34,45,46,100,26,66,56,42,67,41,41,49,36,37,37,62,66,35,66,82,90,71,67,51,96,57,44,110,75,57,57,72,88,81,70,79,70,49,80,87,42,110,118,120,81,100,54,97,70,54,46.3,39.6,43,61,35.1,49.6,56.2,103,51,42,62,40.5,50,49,39,120,118,59,52,60,45,59,46,50,67,46,87,82,53,63,56,57,66,36,58,77,71,59,120,95,120,85,103,86,73,97,86,45,45,64,59,67,45,42,70,35,120,120,120,118,120,81,100,110,108,95,103,96,94,70,89,85,72,58,90,73,68,120,120,115,90,75,90,101,90,90,72,69,85,95,75,95,87,80,57,76,55,73,52,56,51.4,50,60,54.5,120,63,110,92.2,91,120,75,105,93,90,83,67,62,48,47,83,62,86,72,46,48,68,52,55,51,67,71,61,53,71,75,67,68,86,81,63,50,59,56,120,120,77,65,113,120,79,38,51,112,120,78,53,65,72,83,51,47,48,36,113,102,114,105,101,68,69,41,35,39,87,50,31,41,63,38,55,35,53,27,41,18,36,42,37,43,42,45,45,52,51,42,44,17,42,37,39,41,43,40,48,38,47,51,47,47,38,120,120,120,120,120,120,120,120,120,98,77,120,120,120,120,85,120,120,105,120,117.4,87,37,112,85,84,87,108,120,70,72,84,77,120,120,96,47,120,119,113,120,120,67,51,100,76,97,57,45,76,62,72,77,89,87,78,67,65,57,67,45,46,61,60,60,58,46,55,62,25,35,57,63,57,59,57,59,56,60,65,59,51,49,46,58,55,56,56,65,68,120,120,112,110,101,94,105,100,76,76,88,73,71,53,73,73,81,76,70,54,51,75,56,52,67,70,45,60,80,62,80,68,78,78,78,65,75,65,71,79,79,78,82,77,82,82,77,77,85,84,85,87,68,80,73,75,78,74,79,80,71,85,100,90,95,109.5,109,110.9,64.4,77.6,85,58.2,65,52.4,58.2,52.4,44.2,57.6
68.1,69.3,83.2,84.5,74.1,81.7,83,85,72.9,81,85,82,73,72.7,78.8,81.7,74.1,82.2,65.5,73,75.9,73.4,70.4,72.3,71.1,72.1,76.3,74.7,81.1,80.4,76.5,71.6,71.4,71.1,69.8,83.5,73.8,74.5,69.3,74.6,70.9,79.7,64.4,70.9,74.4,77.4,73.3,67.5,65.1,77,70.5,74.1,77,69.8,81,79.8,75.2,80.1,80.6,80,83.5,71.6,68,68.5,66,67.8,68.9,74.5,67.5,65.5,80.6,73.9,82.2,75.2,68.7,75.2,76.1,84.2,83.1,78.8,70.2,73.2,69.1,68.7,69.4,75.6,81.3,65.7,69.3,78.8,78.8,80.1,83.7,82.4,76.8,70.3,79.3,79.9,74.1,86.5,81.5,79.9,75.2,77,78.3,70,72.9,74.8,74.1,80.4,82.3,86.5,76.1,72.6,81.4,80.3,77.5,62.6,83.7,84.4,71.6,71.6,71.6,74.1,83.5,77,68.2,67.3,73.4,78,78.8,83.7,80.4,88,65.1,73.4,98.4,69.1,66.4,71.1,73.8,76.3,78.3,77.7,69.4,73.8,84,82.4,69.8,80.4,75.7,77.9,78.1,82,69.6,78.8,73.4,81.5,78.4,83.7,68.7,75.5,80.1,75.2,73,83.5,79,73.4,83.7,82.9,73.4,82,71.4,76.3,69.8,71.6,77,82.8,77.2,82.4,82.4,75.2,79.9,80.6,90.3,64.4,71.6,77.7,86.4,75.7,69.8,89.2,91,80.6,92.1,85.5,81.1,79.9,82.4,83.3,84.2,72.2,81.3,62.1,66.7,71.2,68,69.8,76.5,79.2,78.3,74.5,76.1,74.5,68.9,67.1,75,70.5,58.6,70.2,66.6,78.8,85.1,80.6,81.1,72.3,72.9,61,59,72.7,66.6,64.4,61.9,66.6,78.8,67.3,76.3,69.8,72.3,75.2,75.6,75.2,76.6,80.6,83.7,75.2,69.8,77.9,78.1,82.4,72.7,73.2,71.6,68.7,69.4,67.5,60.8,66.2,62.4,75.9,72.7,71.1,71.6,73.8,70.9,66.9,67.5,69.8,68.7,79.5,71.1,78.3,69.3,67.3,79.7,78.3,74.1,83.6,72.5,62.1,62.6,71.6,68.4,73.6,74.5,70,66.2,71.8,70,74.7,81.9,69.8,59.5,70.9,61.9,65.5,64.4,71.6,68.7,69.1,76.3,78.8,66.4,70.2,69.8,72.9,64.9,68.7,60.8,56.1,62.6,64.4,71.4,74.1,76.5,79.2,72.3,70,66.2,61,53.6,56.1,62.1,68,66.4,56.8,67.1,66.9,67.5,73.6,67.5,60.8,62.6,69.3,71.1,64.4,61.5,71.1,59.2,63.3,67.5,71.6,66.2,70.7,68,64.9,64.4,63.9,67.5,63.3,59,54.9,61.9,67.5,71.6,72.7,64.4,62.6,66.2,66.7,70.9,78.1,68,72,62.4,65.7,71.2,75.7,73,73.4,69.6,71.2,69.8,74.5,75.2,73.4,71.6,78.3,74.8,68.2,89.6,68,65.8,68,66.7,72.9,67.5,67.8,73.8,67.6,65.5,65.3,73.4,77,77.2,73.4,72.5,60.3,59,57,64.4,64.4,58.3,59.7,60.8,51.8,56.1,62.6,69.4,62.6,67.3,60.8,69.1,65.1,67.3,62.4,68.9,72.3,72.9,61.9,68.7,69.3,80.6,67.5,68,71.6,75.9,75.7,74.5,62.1,74.1,75.2,63.5,72.3,67.3,72.9,65.5,68.7,77,75.9,79.5,65.5,67.1,71.6,79.9,73.8,82.4,82.4,73.8,76.5,74.7,71.1,68,73,72.3,86.7,72.3,69.3,68.8,71.6,74.8,77.7,80.1,76.1,73.9,70.7,74.5,66,65.8,70.9,71.1,66.2,72.9,73.4,76.1,83.5,64.4,71.6,78.8,81.8,66.7,75.3,68.2,73.4,73.4,72.4,75.2,82.2
0,0.39,0,1.63,0.08,0.13,0.01,0,0,0,0.14,1.21,1.05,1.35,0,0,0,1.03,0.01,0,0.32,0,0,0,0,0,0,0,0.74,0.13,0,0,0,0,0,0,1.31,0,0,0,0,0,1.8,0,0.01,0,0,0,0,0,0,0,0.33,0,1.11,0,0,0,0,0,0,0.01,0.04,0,0,0,0,0.17,0,0,0.19,0.39,0.03,1.48,0,0,0.05,0,1.63,0,0,0,0,0,0.13,0,0,0.01,0,0,0,0,0,0,0,0.14,0,0,0,0,0,0.2,0.83,0,0,0,0.06,0,0,0,0,0,0,0.03,0,0,0,0.01,0.44,0,0,1.74,0,0,0.01,0,0.09,0,0,0.55,0,0,0,0,0.03,0,0,0.08,0,0,0,0.13,0.01,0,0.12,0,0,0,0.08,0,0,0.71,0.03,0,0.01,0,0,0,0.03,0.59,0,0,0,0,0.11,0,0,0,0.06,0,0,0.21,0,0,0.49,0.29,1.12,0,0,0,0,0,0.33,0,0,0.19,1.78,0.93,0,0,0,1.48,0,0,0,0,0,0,0,1.29,0,0,0,0.01,0,0,0,0,0,0,0,0,0,0,0,0,0,0,0,0,0,0,0,0,0,0,0,0.01,0,0,0,0,0,0,0,0.05,1.63,0,0,0.13,0,0.01,0.36,0,1.29,0,0,0,0,0,0,0,0.06,0,0,0.12,0,0,0.02,0,0,0,0,0,1.05,0.71,0.33,1.67,0,0.03,0.08,0,0,0,0,0,0.37,1.03,1.35,0.01,0,0,0,0,0,0.32,0,0,0,0,0.42,0,0.07,0,0.03,0,0,0,0,0.74,0,0,1.74,0,0,0,0.21,0,0,0,0,0,0,0.61,0,0.03,1.31,0.39,0,0,0,0,0,0,0,0,0.06,0,0.03,0,0,1.99,0.01,0.21,0.07,0.02,0,0,0,0,0.08,0.01,0.42,0,0,0.01,0,0,0.08,0,0,0,0,0,0,0,0.77,0,0,0,0,0,0.55,0.33,0,0,0.83,1.09,0.03,0,0,0,0,0,0,0,0,0,1.44,0,0,0,0,0,0,0,0.36,0,0,0.01,0,0,0,0,0,0,0.33,1.52,0.01,0.02,0,0.04,0,0,0,0,0,1.8,0,0,1,0,0,0,0,0,0,0.27,0.39,0,0,0.03,1.48,0,0,0,0,1.63,0,0,0,0,0.39,0,0,0.49,0,0,0,0.01,0,0.01,0,0,0,0.11,0,1.29,0,0,0,0,0.1,0,0,0,1.68,0,0,0,0,0,0,0.34,0,0.38,0,0,0,0.45,0.06,0.95,0,0,0,0.03,0.03,0,0,0.16,0,0,0,0,0,0,0,0.1
0,0.66,0,1.63,0.08,0.62,0.01,0.11,0,0,0.14,1.21,1.05,2,0.03,0.08,0,1.4,0.01,0,0.32,0.44,0,0,0,0.02,0.02,0,0.74,0.13,1.74,0,0.21,0,0,0.58,1.31,0,0,0,0,0.06,2.09,0,0.01,0.01,0,0.08,0,0,0,0,0.88,0,1.94,0,0,0,0,0,0,0.33,0.04,0,0,1,0,0.17,0,0,0.27,0.6,0.03,1.51,1.48,0,0.06,0,1.63,1.63,0,0,0,0,0.62,0.13,0.01,0.02,0.01,0,0,1.17,0,0,0,0.14,0,0,0,0,0,0.34,1.03,0.83,0.38,0.02,0.51,0.95,0.13,0.03,0,0.42,0,0.03,0,0,0,1.36,0.44,0,0,1.74,0.21,0,0.03,0,0.3,0,0,0.55,0,1.44,0,0,1.55,0,1,0.08,1.48,0.05,0,0.62,0.01,0,0.12,0,0,0.38,0.08,0,0,1.76,1.63,0,0.38,0,0.32,0,0.03,0.59,0.74,0,0,0,0.21,0.21,0,0,0.06,0,1.36,0.21,0,0,0.77,0.29,1.95,1.12,0,0,0,0,0.33,0,0,1.52,1.8,1,0,0,0.39,1.51,0,0,0,0.13,0,0,0.01,1.29,0.14,1.68,0,1.36,0,0,0,0.02,0,0.09,0,0,0.03,0,0,0,0,0,0,0,0,0,0,0,1.44,0,0,1.53,0,0.93,0,0,0.39,1.48,0,0.06,1.63,0,0,0.62,0,0.01,0.36,0,1.29,0,0,0,0,0,0.83,0,0.51,0.05,0,0.12,0.12,0,0.02,0.02,0,0,0,0,1.05,1.76,1.04,2.03,1.67,0.03,0.11,0.08,0,0,0,0,0.37,1.4,2.38,1.36,0.01,0,0,0,0,0.32,0.32,0,0,0,0.44,0.44,0.07,0,0.03,0.03,0,0,0,0.74,0.74,0,1.74,1.74,0,0,0.21,0.21,0,0,0,0.58,0,0.61,0.56,0.03,1.34,1.31,0.39,0,0.06,0,0,0,0,0,0.06,0.06,0.03,0.03,0,2.08,2.09,0.22,0.28,0.09,0.02,0,0,0,0.08,0.09,0.5,0.42,0,0.01,0.01,0,0.08,0.08,0,0,0,0,0,0,0.77,0.71,0,0,0,0,0.55,0.88,0.33,0,0.83,1.92,1.12,0.03,0,0,0,0,0,0,0,0,1.44,1.44,0,0,0,0,0,0,0.36,0.36,0,0.01,0.01,0,0,0,0,0,0.33,1.85,1.53,0.03,0.02,0.04,0.04,0,0,0,0,1.8,1.8,0,1,1,0,0,0,0,0,0.27,0.66,0.39,0,0.03,1.51,1.48,0,0,0,1.63,1.63,0,0,0,0.39,0.39,0,0.49,0,0,0,0.01,0.01,0.02,0.01,0,0,0.11,0.11,1.29,1.29,0,0,0,0.1,0,0,0,1.68,1.68,0,0,0,0,0,0.34,0,0.38,0.38,0.06,0,0.45,0.51,0.95,0.95,0,0,0.03,0.08,0.01,0,0.24,0,0,0,0,0,0,0.61,0.1
7.15,8.1,3.5,7.62,4.75,3.84,6.04,1.29,8.06,8.1,8.53,5.94,9.78,4.89,3.07,3.5,6.14,10.5,6.81,10.17,8.06,4.36,2.78,6.81,9.11,7,6.14,4.46,3.45,3.4,3.59,6.33,12.37,5.27,5.9,2.92,8.82,4.94,5.27,8.96,7.58,5.47,10.86,5.03,6.15,6.42,4.6,4.6,5.66,1.82,3.55,6.38,6.18,6.52,4.99,3.83,4.8,8,6.43,5.42,6.04,3.45,12.23,8.2,6.33,4.94,7.43,7.72,5.08,5.18,9.5,7.24,6.76,8.06,7.36,6.28,6.52,9.71,9.25,6.09,7.77,3.02,3.12,2.64,3.98,5.32,7.14,8.61,3.16,6.23,6.23,5.9,2.25,2.75,7.39,9.88,6.14,5.85,3.45,3.74,8.92,3.88,6.33,3.69,2.93,3.55,4.41,2.49,5.8,4.03,8.15,4.55,7.43,6.81,2.35,4.03,7.24,8.15,5.75,6.95,4.51,3.98,7,6.09,7.91,9.56,2.54,5.65,4.6,9.71,2.06,7.1,3.93,5.32,9.71,4.27,4.94,5.61,7.15,5.37,3.26,3.79,5.85,9.83,9.78,4.84,8.78,2.93,3.12,4.41,15.73,7.29,6.43,13.52,7.96,8.63,6.71,7.43,5.95,2.54,0.77,2.54,7.34,5.27,3.12,3.5,10.12,7.77,11.7,6.9,7.82,2.25,6.1,2.11,9.31,7.58,4.99,4.36,6.8,5.75,6.43,4.55,10.12,3.11,4.75,9.88,6.62,7.15,6.38,4.17,6.66,7.1,3.55,6.25,8.66,6.62,8.54,7,6.42,6.95,7.53,5.42,3.88,8.15,4.41,8.82,6.71,7.24,3.55,2.25,4.46,5.51,4.74,3.55,9.96,5.27,4.22,4.98,5.22,3.69,5.8,2.92,6.38,4.65,6.81,3.69,2.68,9.71,4.31,4.7,7.19,5.27,5.85,6.45,4.17,6.23,10.79,3.12,3.36,4.12,5.75,5.94,9.64,9.69,7.24,6.38,4.12,5.51,3.4,8.92,3.69,4.22,4.41,6.3,4.03,8.97,6.91,5.6,9.45,6.95,9.61,5.03,14.48,8.2,9.69,6.71,8.15,8.58,6.18,3.16,4.22,3.21,5.22,6.23,7.7,13.57,11.8,10.36,8.3,8.15,5.08,3.36,4.99,10.41,5.7,6.66,7,4.99,8.1,8.15,6.42,4.56,6.9,3.11,10.65,7,4.79,4.51,3.74,4.36,1.05,3.02,4.07,2.01,2.06,2.73,9.49,7.05,6.47,2.25,6.14,3.69,4.6,6.04,4.74,7.43,9.4,5.47,4.07,2.06,8.73,5.52,8.3,10.16,5.23,8.25,11.61,6.09,5.28,5.56,5.47,10.91,9.69,2.78,2.54,6.38,5.11,4.07,7.72,5.85,3.82,6.23,8.87,3.36,4.98,4.15,6.76,4.56,4.87,4.12,6.6,4.89,4.03,1.68,2.78,9.94,8.56,5.32,3.79,1.53,3.31,5.95,9.81,5.37,7.82,5.61,7.48,4.79,4.27,5.8,6.7,3.93,1.58,2.92,8.2,4.75,4.1,7.74,7.96,6.95,6.81,7.82,5.9,3.26,3.64,7.05,6.76,3.36,2.78,5.8,4.89,2.68,5.61,4.15,5.75,6.9,3.02,8.73,9.83,5.05,9.3,14.1,7.58,9.45,5.42,4.46,5.99,6.57,2.3,2.83,8.82,5.13,3.26,7.43,6.71,5.61,5.27,8.34,7.91,5.66,7.38,6.38,8.06,6.2,6.28,3.6,7.35,11.27,5.56,7.96,3.26,3.26,8.44,3.75,6.23,7.86,8.54,5.8,11.08,14.48,6.95,8.21,3.16,5.56,9.98,10.47,1.29,7.1,5.51,3.07,2.55,5.75,9.98,4.12,3.4,7.86,9.35,5.42,3.55,5.18,7.19,3.26,8.78,4.79,5.18,5.66,2.77,3.6,8.87,14.19,4.41,4.9,2.49,4.12,4.03,9.98,3.07,5.08,5.42,3.88,6.52,3.74,2.97,2.44,6.9,5.03,4.5,12.13
