MononaBeach11,MononaBeach11,MononaBeach11,MononaBeach11,MononaBeach11,MononaBeach11,MononaBeach11,MononaBeach11,MononaBeach11,MononaBeach11,MononaBeach11,MononaBeach11,MononaBeach11,MononaBeach11,MononaBeach11,MononaBeach11,MononaBeach11,MononaBeach11,MononaBeach16,MononaBeach16,MononaBeach16,MononaBeach16,MononaBeach16,MononaBeach16,MononaBeach16,MononaBeach16,MononaBeach16,MononaBeach16,MononaBeach16,MononaBeach16,MononaBeach16,MononaBeach16,MononaBeach16,MononaBeach16,MononaBeach16,MononaBeach16,MononaBeach16,MononaBeach16,MononaBeach16,MononaBeach16,MononaBeach16,MononaBeach16,MononaBeach16,MononaBeach16,MononaBeach16,MononaBeach16,MononaBeach16,MononaBeach16,MononaBeach16,MononaBeach16,MononaBeach16,MononaBeach16,MononaBeach16,MononaBeach16,MononaBeach16,MononaBeach16,MononaBeach16,MononaBeach16,MononaBeach16,MononaBeach16,MononaBeach16,MononaBeach16,MononaBeach16,MononaBeach16,MononaBeach16,MononaBeach16,MononaBeach16,MononaBeach16,MononaBeach16,MononaBeach16,MononaBeach16,MononaBeach16,MononaBeach16,MononaBeach16,MononaBeach16,MononaBeach16,MononaBeach16,MononaBeach16,MononaBeach17,MononaBeach17,MononaBeach17,MononaBeach17,MononaBeach18,MononaBeach18,MononaBeach18,MononaBeach18,MononaBeach18,MononaBeach18,MononaBeach18,MononaBeach18,MononaBeach18,MononaBeach18,MononaBeach18,MononaBeach18,MononaBeach18,MononaBeach18,MononaBeach18,MononaBeach18,MononaBeach18,MononaBeach18,MononaBeach18,MononaBeach18,MononaBeach18,MononaBeach18,MononaBeach18,MononaBeach18,MononaBeach18,MononaBeach18,MononaBeach18,MononaBeach18,MononaBeach18,MononaBeach18,MononaBeach18,MononaBeach18,MononaBeach18,MononaBeach18,MononaBeach18,MononaBeach18,MononaBeach18,MononaBeach18,MononaBeach18,MononaBeach18,MononaBeach18,MononaBeach18,MononaBeach18,MononaBeach18,MononaBeach18,MononaBeach18,MononaBeach18,MononaBeach18,MononaBeach18,MononaBeach18,MononaBeach18,MononaBeach18,MononaBeach18,MononaBeach18,MononaBeach18,MononaBeach18,MononaBeach18,MononaBeach18,MononaBeach18,MononaBeach18,MononaBeach18,MononaBeach18,MononaBeach18,MononaBeach18,MononaBeach22,MononaBeach22,MononaBeach22,MononaBeach22,MononaBeach22,MononaBeach3,MononaBeach3,MononaBeach3,MononaBeach3,MononaBeach3,MononaBeach3,MononaBeach3,MononaBeach3,MononaBeach3,MononaBeach3,MononaBeach3,MononaBeach3,MononaBeach3,MononaBeach3,MononaBeach3,MononaBeach3,MononaBeach3,MononaBeach3,MononaBeach3,MononaBeach3,MononaBeach3,MononaBeach3,MononaBeach3,MononaBeach3,MononaBeach5,MononaBeach5,MononaBeach5,MononaBeach5,MononaBeach5,MononaBeach5,MononaBeach5,MononaBeach5,MononaBeach5,MononaBeach5,MononaBeach5,MononaBeach5,MononaBeach5,MononaBeach5,MononaBeach5,MononaBeach5,MononaBeach5,MononaBeach5,MononaBeach5,MononaBeach5,MononaBeach5,MononaBeach5,MononaBeach5,MononaBeach5,MononaBeach5,MononaBeach5,MononaBeach5,MononaBeach5,MononaBeach5,MononaBeach5,MononaBeach5,MononaBeach5,MononaBeach5,MononaBeach5,MononaBeach5,MononaPark12,MononaPark12,MononaPark12,MononaPark12,MononaPark12,MononaPark12,MononaPark12,MononaPark12,MononaPark12,MononaPark12,MononaPark12,MononaPark12,MononaPark12,MononaPark12,MononaPark12,MononaPark12,MononaPark12,MononaPark12,MononaPark12,MononaPark12,MononaPark12,MononaPark12,MononaPark12,MononaPark12,MononaPark12,MononaPark12,MononaPark12,MononaPark12,MononaPark12,MononaPark12,MononaPark12,MononaPark19,MononaPark19,MononaPark19,MononaPark19,MononaPark19,MononaPark19,MononaPark2,MononaPark2,MononaPark2,MononaPark2,MononaPark2,MononaPark2,MononaPark2,MononaPark2,MononaPark2,MononaPark2,MononaPark2,MononaPark2,MononaPark2,MononaPark2,MononaPark2,MononaPark2,MononaPark2,MononaPark2,MononaPark2,MononaPark2,MononaPark2,MononaPark2,MononaPark2,MononaPark2,MononaPark2,MononaPark2,MononaPark2,MononaPark2,MononaPark2,MononaPark2,MononaPark2,MononaPark2,MononaPark2,MononaPark2,MononaPark2,MononaPark2,MononaPark2,MononaPark2,MononaPark2,MononaPark2,MononaPark2,MononaPark2,MononaPark2,MononaPark2,MononaPier1,MononaPier1,MononaPier1,MononaPier1,MononaPier1,MononaPier1,MononaPier1,MononaPier1,MononaPier1,MononaPier1,MononaPier1,MononaPier1,MononaPier1,MononaPier1,MononaPier1,MononaPier1,MononaPier1,MononaPier1,MononaPier1,MononaPier1,MononaPier1,MononaPier1,MononaPier1,MononaPier1,MononaPier1,MononaPier1,MononaPier1,MononaPier1,MononaPier1,MononaPier1,MononaPier1,MononaPier1,MononaPier1,MononaPier1,MononaPier1,MononaPier1,MononaPier1,MononaPier1,MononaPier1,MononaPier1,MononaPier1,MononaPier1,MononaPier1,MononaPier1,MononaPier1,MononaPier1,MononaPier1,MononaPier1,MononaPier1,MononaPier1,MononaPier1,MononaPier1,MononaPier1,MononaPier1,MononaPier1,MononaPier1,MononaPier1,MononaPier1,MononaPier1,MononaPier1,MononaPier1,MononaPier1,MononaPier1,MononaPier1,MononaPier1,MononaPier1,MononaPier1,MononaPier1,MononaPier1,MononaPier1,MononaPier1,MononaPier1,MononaPier1,MononaPier1,MononaPier1,MononaPier1,MononaPier1,MononaPier1,MononaPier1,MononaPier1,MononaPier1,MononaPier1,MononaPier1,MononaPier1,MononaPier1,MononaPier1,MononaPier1,MononaPier1,MononaPier1,MononaPier1,MononaPier1,MononaPier1,MononaPier1,MononaPier1,MononaPier1,MononaPier1,MononaPier1,MononaPier1,MononaPier1,MononaPier1,MononaPier1,MononaPier1,MononaPier1,MononaPier1,MononaPier1,MononaPier1,MononaPier1,MononaPier1,MononaPier1,MononaPier1,MononaPier10,MononaPier10,MononaPier10,MononaPier10,MononaPier10,MononaPier10,MononaPier10,MononaPier10,MononaPier10,MononaPier10,MononaPier10,MononaPier10,MononaPier10,MononaPier10,MononaPier10,MononaPier10,MononaPier10,MononaPier10,MononaPier10,MononaPier10,MononaPier10,MononaPier10,MononaPier10,MononaPier10,MononaPier10,MononaPier10,MononaPier12,MononaPier12,MononaPier12,MononaPier12,MononaPier12,MononaPier12,MononaPier12,MononaPier12,MononaPier12,MononaPier12,MononaPier12,MononaPier12,MononaPier12,MononaPier12,MononaPier12,MononaPier12,MononaPier12,MononaPier12,MononaPier12,MononaPier12,MononaPier13,MononaPier13,MononaPier13,MononaPier13,MononaPier13,MononaPier13,MononaPier14,MononaPier14,MononaPier14,MononaPier14,MononaPier14,MononaPier14,MononaPier14,MononaPier14,MononaPier14,MononaPier14,MononaPier14,MononaPier14,MononaPier14,MononaPier14,MononaPier14,MononaPier14,MononaPier14,MononaPier14,MononaPier14,MononaPier14,MononaPier14,MononaPier14,MononaPier15,MononaPier15,MononaPier15,MononaPier15,MononaPier15,MononaPier15,MononaPier15,MononaPier15,MononaPier15,MononaPier15,MononaPier15,MononaPier15,MononaPier15,MononaPier15,MononaPier15,MononaPier15,MononaPier15,MononaPier15,MononaPier15,MononaPier15,MononaPier15,MononaPier15,MononaPier15,MononaPier15,MononaPier20,MononaPier20,MononaPier20,MononaPier20,MononaPier21,MononaPier21,MononaPier21,MononaPier21,MononaPier21,MononaPier21,MononaPier21,MononaPier21,MononaPier21,MononaPier21,MononaPier21,MononaPier21,MononaPier21,MononaPier21,MononaPier21,MononaPier21,MononaPier21,MononaPier21,MononaPier21,MononaPier21,MononaPier21,MononaPier21,MononaPier21,MononaPier21,MononaPier21,MononaPier21,MononaPier21,MononaPier21,MononaPier21,MononaPier21,MononaPier21,MononaPier21,MononaPier21,MononaPier21,MononaPier21,MononaPier21,MononaPier21,MononaPier21,MononaPier21,MononaPier21,MononaPier21,MononaPier21,MononaPier21,MononaPier21,MononaPier21,MononaPier21,MononaPier21,MononaPier21,MononaPier21,MononaPier21,MononaPier21,MononaPier21,MononaPier21,MononaPier21,MononaPier21,MononaPier21,MononaPier21,MononaPier21,MononaPier21,MononaPier21,MononaPier21,MononaPier21,MononaPier21,MononaPier21,MononaPier21,MononaPier21,MononaPier21,MononaPier21,MononaPier21,MononaPier21,MononaPier24,MononaPier24,MononaPier24,MononaPier24,MononaPier24,MononaPier24,MononaPier24,MononaPier24,MononaPier24,MononaPier24,MononaPier24,MononaPier24,MononaPier6,MononaPier6,MononaPier6,MononaPier6,MononaPier6,MononaPier6,MononaPier6,MononaPier6,MononaPier6,MononaPier6,MononaPier6,MononaPier6,MononaPier6,MononaPier6,MononaPier6,MononaPier6,MononaPier6,MononaPier6,MononaPier6,MononaPier6,MononaPier6,MononaPier6,MononaPier6,MononaPier6,MononaPier6,MononaPier6,MononaPier6,MononaPier6,MononaPier6,MononaPier6,MononaPier6,MononaPier6,MononaPier6,MononaPier6,MononaPier6,MononaPier6,MononaPier6,MononaPier6,MononaPier6,MononaPier6,MononaPier7,MononaPier7,MononaPier7,MononaPier7,MononaPier7,MononaPier7,MononaPier7,MononaPier7,MononaPier7,MononaPier7,MononaPier7,MononaPier7,MononaPier7,MononaPier7,MononaPier7,MononaPier7,MononaPier7,MononaPier7,MononaPier7,MononaPier7,MononaPier7,MononaPier7,MononaPier7,MononaPier7,MononaPier7,MononaPier7,MononaPier7,MononaPier7,MononaPier7,MononaPier7,MononaPier7,MononaPier7,MononaPier7,MononaPier8,MononaPier8,MononaPier8,MononaPier8,MononaPier8,MononaPier8,MononaPier8,MononaPier8,MononaPier8,MononaPier8,MononaPier8,MononaPier8,MononaPier8,MononaPier8,MononaPier8,MononaPier8,MononaPier8,MononaPier8,MononaPier8,MononaPier8,MononaPier8,MononaPier8,MononaPier8,MononaPier8,MononaPier8,MononaPier8,MononaPier8,MononaPier8,MononaPier8,MononaPier8,MononaPier8,MononaPier8,MononaPier8,MononaPier8,MononaPier8,MononaPier8,MononaPier8,MononaPier8,MononaPier8,MononaPier8,MononaPier8,MononaPier8,MononaPier8,MononaPier8,MononaPier8,MononaPier8,MononaPier8,MononaPier8,MononaPier8,MononaPier8,MononaPier8,MononaPier8,MononaPier8,MononaPier8,MononaPier8,MononaPier8,MononaPier8,MononaPier8,MononaPier9,MononaPier9,MononaPier9,MononaPier9,MononaPier9,MononaPier9,MononaPier9,MononaPier9,MononaPier9,MononaPier9,MononaPier9,MononaPier9,MononaPier9,MononaPier9,MononaPier9,MononaPier9,MononaPier9,MononaPier9,MononaPier9,MononaPier9,MononaPier9,MononaPier9,MononaPier9,MononaPier9,MononaPier9
7/17/14 18:37,7/21/14 19:01,7/31/14 18:20,8/11/14 19:38,8/20/14 18:04,8/24/14 8:15,7/3/15 17:28,7/5/15 15:46,7/13/15 14:13,7/14/15 15:49,7/15/15 15:07,7/23/15 17:05,7/24/15 15:20,6/6/16 18:20,6/10/16 20:32,6/17/16 17:22,7/25/16 19:20,8/22/16 18:45,6/2/15 9:21,6/4/15 10:59,6/10/15 11:28,6/18/15 11:17,6/25/15 10:57,7/2/15 10:25,7/5/15 15:09,7/9/15 11:40,7/13/15 14:14,7/15/15 15:06,7/16/15 10:40,7/23/15 10:45,7/23/15 17:03,7/24/15 14:24,8/6/15 10:38,8/13/15 12:24,8/20/15 10:32,6/11/16 11:10,6/11/16 13:18,6/11/16 18:16,6/12/16 18:18,6/13/16 13:30,6/18/16 18:18,6/20/16 12:20,6/21/16 17:45,6/22/16 18:45,6/24/16 13:26,6/25/16 11:30,6/27/16 12:33,6/27/16 15:39,6/29/16 15:36,6/29/16 15:36,7/1/16 15:18,7/4/16 13:36,7/4/16 13:36,7/4/16 18:29,7/5/16 23:05,7/6/16 12:00,7/8/16 23:30,7/9/16 13:20,7/10/16 23:25,7/11/16 23:00,7/13/16 15:56,7/14/16 19:49,7/15/16 19:52,7/18/16 19:52,7/20/16 14:55,7/27/16 12:23,7/27/16 12:23,7/27/16 12:23,7/31/16 15:17,8/1/16 15:21,8/3/16 23:25,8/6/16 12:52,8/8/16 23:25,8/16/16 15:25,8/17/16 14:32,8/17/16 16:25,8/25/16 16:21,8/25/16 16:41,6/2/16 8:51,6/9/16 17:55,6/23/16 9:16,7/28/16 10:13,6/4/15 9:25,6/10/15 9:55,6/18/15 9:50,6/25/15 9:49,7/2/15 9:45,7/9/15 10:26,7/16/15 9:38,7/23/15 9:37,8/6/15 9:35,8/6/15 9:35,8/13/15 11:18,8/20/15 9:31,6/2/16 8:45,6/6/16 6:45,6/10/16 7:45,6/11/16 18:19,6/12/16 18:20,6/13/16 7:00,6/13/16 18:21,6/15/16 18:22,6/16/16 9:10,6/16/16 18:23,6/17/16 18:23,6/18/16 8:15,6/20/16 7:05,6/21/16 15:00,6/22/16 14:55,6/24/16 7:05,6/24/16 13:02,6/24/16 13:05,6/27/16 17:20,6/28/16 17:26,6/29/16 17:29,6/30/16 9:40,7/1/16 14:32,7/4/16 7:58,7/6/16 16:22,7/7/16 9:50,7/8/16 17:15,7/9/16 23:05,7/11/16 7:25,7/11/16 13:30,7/13/16 16:02,7/18/16 10:40,7/19/16 23:25,7/20/16 23:00,7/21/16 9:20,7/22/16 18:29,7/25/16 8:00,7/28/16 13:40,8/1/16 15:19,8/3/16 14:14,8/4/16 11:15,8/5/16 12:29,8/8/16 12:22,8/9/16 7:45,8/11/16 9:45,8/16/16 7:40,8/17/16 16:23,8/18/16 22:35,8/25/16 16:25,8/29/16 8:00,8/30/16 15:44,8/31/16 15:41,6/11/16 13:58,8/5/16 11:57,8/12/16 10:50,8/19/16 13:11,8/26/16 10:47,7/19/14 19:36,8/3/14 19:00,8/11/14 20:00,8/17/14 19:00,8/24/14 18:30,8/31/14 16:30,6/4/15 13:50,6/18/15 11:43,7/2/15 11:35,7/9/15 7:10,7/16/15 11:11,7/24/15 12:15,7/30/15 12:50,8/6/15 11:48,8/13/15 10:42,8/27/15 10:46,6/10/16 8:18,6/14/16 7:58,6/16/16 15:15,6/28/16 17:01,7/21/16 9:10,7/27/16 20:00,8/18/16 9:03,8/28/16 11:40,6/6/14 19:00,6/13/14 19:30,6/26/14 20:30,7/7/14 17:20,7/15/14 19:50,7/22/14 17:00,7/29/14 17:50,8/6/14 18:00,8/12/14 19:30,8/19/14 18:25,8/24/14 11:00,6/1/15 16:25,6/4/15 9:57,6/6/15 12:29,6/18/15 14:19,6/20/15 8:59,6/21/15 15:52,6/22/15 14:59,6/26/15 9:08,6/27/15 8:32,6/29/15 11:00,7/2/15 9:40,7/9/15 14:14,7/17/15 15:37,7/19/15 10:35,7/24/15 13:36,7/30/15 8:09,8/13/15 10:09,8/15/15 8:51,8/27/15 9:52,6/3/16 14:51,6/16/16 12:47,7/3/16 16:10,7/18/16 15:44,8/18/16 11:36,6/8/14 14:00,6/15/14 15:20,6/28/14 15:00,7/2/14 7:50,7/20/14 15:45,7/29/14 9:36,8/3/14 14:35,8/17/14 15:10,8/24/14 15:00,6/4/15 8:45,6/11/15 11:45,6/19/15 8:00,6/25/15 8:00,7/2/15 8:05,7/16/15 8:00,7/23/15 8:10,7/28/15 10:00,8/6/15 9:00,8/20/15 8:00,8/27/15 8:15,6/2/16 8:00,6/9/16 8:30,6/16/16 8:30,6/24/16 13:36,7/7/16 8:58,7/14/16 8:45,7/21/16 8:15,7/28/16 8:45,8/4/16 8:00,8/18/16 8:30,8/25/16 8:48,6/2/16 16:30,6/9/16 11:56,6/16/16 12:59,6/23/16 13:23,7/7/16 15:24,8/4/16 16:33,6/9/14 12:00,6/22/14 17:00,6/27/14 19:22,7/3/14 16:12,7/26/14 13:25,8/1/14 16:38,8/8/14 14:15,8/13/14 15:01,8/28/14 7:00,6/4/15 9:22,6/12/15 10:56,6/16/15 11:55,6/18/15 10:56,6/25/15 9:35,7/2/15 10:07,7/9/15 10:59,7/12/15 11:12,7/23/15 11:12,7/30/15 9:47,8/6/15 9:50,8/13/15 10:32,8/20/15 10:12,6/3/16 12:54,6/6/16 10:15,6/9/16 8:20,6/16/16 8:55,6/20/16 11:02,6/23/16 9:29,6/27/16 9:35,6/30/16 8:56,7/4/16 10:59,7/7/16 10:46,7/11/16 9:45,7/18/16 11:02,7/21/16 9:34,7/25/16 8:48,7/28/16 9:34,8/1/16 9:16,8/4/16 8:01,8/8/16 11:16,8/11/16 8:37,8/22/16 9:22,8/25/16 9:40,8/29/16 10:49,6/24/14 20:00,6/29/14 17:55,7/1/14 13:15,7/4/14 11:00,7/6/14 12:00,7/11/14 18:45,7/17/14 12:00,7/18/14 17:35,7/20/14 19:40,7/23/14 19:15,7/27/14 19:40,8/1/14 12:30,8/3/14 11:30,8/6/14 12:35,8/9/14 12:10,8/15/14 11:45,8/16/14 15:00,8/19/14 19:05,8/22/14 12:00,8/24/14 13:00,8/26/14 17:40,8/31/14 8:30,6/1/15 13:10,6/4/15 23:55,6/6/15 10:15,6/9/15 14:00,6/13/15 12:10,6/14/15 13:50,6/18/15 7:05,6/20/15 11:00,6/25/15 11:50,6/28/15 11:20,7/2/15 11:55,7/4/15 9:55,7/9/15 18:40,7/12/15 13:42,7/16/15 10:05,7/18/15 11:20,7/22/15 10:45,7/23/15 9:16,7/28/15 7:45,7/30/15 8:00,8/4/15 18:40,8/5/15 13:35,8/6/15 7:35,8/8/15 12:10,8/9/15 13:55,8/10/15 13:35,8/12/15 13:20,8/15/15 14:30,8/17/15 12:50,8/20/15 11:50,8/21/15 13:20,8/22/15 9:50,8/24/15 13:20,8/25/15 14:14,8/27/15 11:10,8/28/15 13:50,8/29/15 12:30,6/3/16 14:45,6/8/16 10:15,6/9/16 11:45,6/10/16 16:10,6/13/16 13:00,6/14/16 13:30,6/15/16 14:15,6/16/16 10:25,6/17/16 11:55,6/18/16 8:15,6/19/16 9:55,6/23/16 0:00,6/24/16 13:35,6/25/16 12:05,6/26/16 14:15,6/27/16 13:00,6/29/16 13:10,7/1/16 13:15,7/2/16 11:05,7/3/16 11:20,7/4/16 9:08,7/6/16 13:25,7/7/16 10:20,7/9/16 9:50,7/11/16 13:30,7/16/16 10:15,7/17/16 11:20,7/21/16 10:15,7/22/16 17:10,7/23/16 12:20,7/24/16 13:55,7/25/16 13:50,7/28/16 11:50,7/30/16 11:00,7/31/16 10:15,8/3/16 12:30,8/4/16 11:50,8/5/16 16:05,8/6/16 14:20,8/8/16 13:20,8/10/16 13:25,8/11/16 10:30,8/13/16 9:55,8/14/16 10:50,8/17/16 13:40,8/19/16 13:00,8/21/16 12:05,8/22/16 13:10,8/23/16 13:40,8/25/16 11:15,8/31/16 13:40,6/6/14 13:00,6/26/14 15:00,6/30/14 11:00,7/3/14 14:00,7/12/14 11:30,7/18/14 11:00,7/25/14 12:30,8/1/14 14:30,8/15/14 10:10,8/22/14 12:30,8/30/14 10:00,6/11/15 9:55,6/18/15 10:34,6/25/15 10:37,7/2/15 13:00,7/9/15 8:51,7/16/15 8:55,8/1/15 14:47,8/22/15 14:51,6/2/16 10:24,6/10/16 8:36,6/16/16 10:24,6/30/16 8:25,7/7/16 9:09,7/15/16 7:31,7/28/16 12:01,6/4/15 12:14,6/14/15 10:18,6/18/15 7:31,7/2/15 13:50,7/9/15 10:38,7/16/15 10:10,7/30/15 8:31,8/6/15 11:22,8/13/15 12:17,8/20/15 10:46,8/27/15 8:22,6/3/16 11:05,6/9/16 8:23,6/16/16 11:19,6/30/16 12:29,7/21/16 11:45,7/24/16 17:55,7/28/16 9:25,8/4/16 10:02,8/11/16 10:24,6/18/15 20:48,6/25/15 20:44,7/2/15 18:44,7/5/15 17:20,8/6/15 17:49,6/2/16 11:46,6/4/15 7:59,6/11/15 7:06,6/18/15 7:54,6/25/15 8:20,7/2/15 7:40,7/9/15 16:45,7/16/15 7:03,7/23/15 7:02,8/6/15 7:26,8/13/15 8:01,8/20/15 7:10,8/27/15 7:05,6/2/16 8:35,6/9/16 8:39,6/16/16 8:39,6/23/16 8:38,6/30/16 8:21,7/9/16 20:26,7/28/16 8:08,8/11/16 8:02,8/18/16 8:47,8/25/16 8:40,6/4/15 9:50,6/11/15 7:45,6/18/15 15:06,6/25/15 11:57,7/2/15 8:55,7/9/15 11:22,7/16/15 10:35,7/23/15 10:25,7/30/15 8:22,8/6/15 9:25,8/13/15 9:40,8/27/15 11:45,6/2/16 15:15,6/9/16 8:00,6/16/16 9:10,6/23/16 10:05,6/30/16 9:55,7/14/16 9:12,7/21/16 9:21,7/28/16 9:00,8/4/16 9:29,8/11/16 10:28,8/18/16 9:12,8/25/16 8:24,7/11/16 14:23,7/12/16 17:28,7/18/16 15:45,8/18/16 11:23,6/1/16 9:00,6/6/16 9:40,6/7/16 10:00,6/8/16 10:00,6/9/16 12:45,6/10/16 8:40,6/11/16 16:22,6/12/16 8:25,6/13/16 9:30,6/14/16 10:00,6/15/16 9:30,6/16/16 10:30,6/17/16 8:45,6/18/16 10:45,6/19/16 9:27,6/20/16 9:42,6/21/16 10:20,6/22/16 8:30,6/25/16 9:20,6/26/16 13:36,6/27/16 8:22,6/30/16 8:47,7/1/16 10:31,7/2/16 9:45,7/3/16 9:55,7/5/16 8:20,7/7/16 11:09,7/9/16 11:31,7/10/16 11:45,7/11/16 11:26,7/12/16 11:58,7/13/16 10:48,7/14/16 11:13,7/15/16 11:30,7/16/16 10:34,7/18/16 11:12,7/19/16 10:28,7/20/16 8:42,7/21/16 10:21,7/22/16 10:36,7/24/16 10:50,7/25/16 10:06,7/26/16 8:30,7/29/16 10:10,7/30/16 9:40,7/31/16 9:55,8/1/16 9:24,8/2/16 10:07,8/3/16 9:01,8/4/16 8:52,8/5/16 10:18,8/6/16 10:41,8/7/16 9:33,8/8/16 10:55,8/9/16 10:13,8/10/16 9:26,8/11/16 10:55,8/12/16 15:05,8/13/16 15:10,8/14/16 11:30,8/15/16 11:10,8/16/16 11:00,8/17/16 14:23,8/18/16 9:11,8/22/16 12:58,8/23/16 8:58,8/25/16 10:26,8/26/16 9:33,8/27/16 14:26,8/29/16 10:07,6/2/16 12:00,6/9/16 7:36,6/16/16 11:01,6/23/16 8:55,6/30/16 11:38,7/7/16 10:03,7/14/16 11:03,7/21/16 10:41,7/28/16 11:40,8/4/16 12:02,8/18/16 10:28,8/25/16 10:25,6/9/14 15:00,6/10/14 14:55,6/11/14 17:29,6/12/14 15:30,6/13/14 15:00,6/14/14 15:00,6/15/14 20:10,6/16/14 16:18,6/17/14 16:02,6/18/14 15:18,6/19/14 17:18,6/20/14 17:00,6/21/14 18:36,6/22/14 17:07,6/23/14 18:37,6/24/14 17:00,6/26/14 16:30,6/27/14 17:55,6/28/14 19:12,7/1/14 15:35,7/2/14 15:22,7/3/14 16:20,7/6/14 16:20,7/7/14 17:20,7/8/14 18:15,7/9/14 16:45,7/11/14 17:14,7/15/14 10:05,6/4/15 8:48,6/16/15 12:05,6/18/15 9:02,7/10/15 16:05,7/23/15 10:45,8/13/15 10:25,6/8/16 10:03,6/9/16 9:01,6/16/16 11:53,7/7/16 10:28,7/14/16 10:45,8/26/16 11:20,6/12/14 16:30,6/19/14 16:00,6/26/14 19:00,7/4/14 9:45,7/13/14 15:30,7/18/14 11:35,7/24/14 15:42,8/1/14 10:58,8/10/14 16:20,8/14/14 13:30,8/22/14 12:48,8/29/14 16:30,6/4/15 13:45,6/18/15 16:00,6/26/15 18:13,7/3/15 16:00,7/9/15 14:45,7/24/15 9:30,7/30/15 15:06,8/13/15 14:51,8/21/15 12:17,6/2/16 13:36,6/10/16 7:46,6/19/16 16:44,6/26/16 17:44,6/30/16 11:30,7/7/16 15:31,7/17/16 18:07,7/21/16 14:14,7/22/16 16:14,8/12/16 16:18,8/16/16 17:30,8/18/16 19:57,6/6/14 20:20,6/8/14 15:25,6/13/14 9:30,6/16/14 7:00,6/18/14 18:00,6/23/14 18:30,6/27/14 9:30,7/2/14 18:00,7/4/14 10:30,7/15/14 16:00,7/20/14 17:30,7/21/14 14:00,7/22/14 13:30,7/24/14 13:20,7/30/14 7:00,8/1/14 11:00,8/3/14 8:00,8/6/14 20:00,8/9/14 8:30,8/10/14 12:00,8/16/14 8:16,8/22/14 16:45,8/24/14 12:45,8/26/14 19:00,8/28/14 13:00,6/11/15 9:30,6/19/15 11:52,6/25/15 10:44,7/2/15 10:59,7/9/15 10:09,7/23/15 9:19,8/6/15 11:50,8/13/15 12:20,8/20/15 9:39,8/27/15 19:58,6/2/16 8:35,6/6/16 6:35,6/10/16 7:30,6/13/16 6:45,6/16/16 8:45,6/18/16 7:45,6/20/16 6:55,6/24/16 6:55,6/30/16 9:20,7/4/16 7:25,7/7/16 9:30,7/11/16 7:10,7/14/16 15:00,7/14/16 15:30,7/18/16 10:30,7/21/16 9:00,7/25/16 7:45,8/4/16 10:45,8/9/16 7:30,8/11/16 9:30,8/16/16 7:25,8/18/16 10:15,8/29/16 7:45,6/10/14 6:50,6/15/14 17:00,6/16/14 17:00,6/22/14 14:50,7/6/14 13:00,7/15/14 14:30,7/21/14 18:50,7/28/14 15:16,8/2/14 12:17,8/12/14 18:18,8/19/14 19:00,8/25/14 18:30,6/1/15 19:01,6/9/15 19:30,6/23/15 20:00,6/30/15 19:30,8/11/15 18:10,6/2/16 6:43,6/8/16 6:28,6/16/16 6:30,6/23/16 7:42,7/1/16 9:44,7/9/16 11:00,7/16/16 12:07,7/24/16 12:06
1,1,1,1,1,1,1,1,1,1,1,1,1,1,1,2,1,1,2,2,3,1,1,1,1,1,1,1,1,1,1,1,1,1,1,2,1,1,1,1,1,1,1,1,1,1,1,1,1,1,1,1,1,1,1,1,1,1,1,1,1,1,1,1,1,1,1,1,1,1,1,1,1,1,1,1,1,1,2,2,2,1,2,1,1,1,2,2,1,1,1,1,1,1,1,1,1,1,1,1,1,1,1,1,1,1,1,1,1,1,1,1,1,1,1,1,1,1,1,1,1,1,1,1,1,1,1,1,1,1,1,1,1,1,1,1,1,1,1,1,1,1,1,1,1,1,1,1,1,1,1,2,2,1,1,1,1,2,2,2,3,1,1,1,1,1,1,1,1,1,1,1,1,1,1,2,1,2,1,1,1,1,1,1,1,1,2,2,2,2,2,2,2,3,3,3,2,2,2,1,2,2,2,2,1,2,2,2,1,1,1,1,2,1,1,1,1,1,1,3,1,2,3,1,1,2,1,1,1,1,1,1,1,3,1,1,1,1,1,1,1,2,2,1,1,1,1,1,1,1,1,1,1,1,1,1,1,1,1,2,1,1,2,2,1,1,1,1,1,1,1,2,1,1,2,1,1,1,1,1,1,1,1,1,1,1,1,1,1,1,1,2,2,1,2,1,2,2,2,1,1,1,1,1,1,1,1,2,1,1,1,1,1,1,2,1,1,1,3,1,1,1,1,1,1,1,1,1,1,2,1,1,1,1,2,1,1,1,1,1,1,1,1,1,1,1,1,1,1,1,2,1,1,2,1,1,1,1,1,1,1,1,1,1,2,1,2,1,1,1,1,1,1,1,1,1,1,1,2,2,1,1,1,1,1,1,1,1,1,1,1,1,2,1,1,1,1,1,1,1,1,2,2,1,1,2,3,2,1,1,2,1,2,3,2,2,2,1,1,1,1,1,1,2,1,1,1,1,2,1,1,1,1,1,1,1,1,1,1,1,1,1,1,1,1,1,1,1,2,2,2,1,2,2,3,3,2,2,1,2,2,1,1,1,1,1,2,1,1,1,1,1,1,1,1,2,3,2,2,1,1,1,1,1,1,1,1,2,1,2,1,1,1,1,1,1,1,1,1,1,1,1,1,1,1,1,1,1,1,1,1,1,1,1,1,1,1,1,1,1,1,1,1,1,2,1,1,1,1,1,1,1,1,1,1,1,1,1,1,1,1,1,1,1,1,2,1,1,1,1,1,1,1,1,1,1,1,1,1,1,1,1,1,1,1,1,1,1,1,1,1,1,1,2,2,1,2,2,2,1,1,1,1,1,1,2,1,1,1,1,1,1,1,1,1,1,1,1,1,1,1,1,2,1,1,1,2,2,2,2,2,1,1,1,1,1,2,1,1,1,2,1,1,1,1,1,1,2,1,1,2,1,1,2,1,1,1,2,2,2,2,2,1,1,1,1,1,1,2,2,2,1,1,1,1,1,1,1,2,1,1,1,1,1,1,1,1,1,1,1,1,1,1,1,1,1,1,1,1,1,1,1,1,2,2,2,1,1,1,1,1,1,1,1,1,1,1,1,1,1,1,2,1,1,1,1,1,1,1,1,1,1,1,1,1,1,1,2,2,2,2,2,2,1,1,1,1,1,1,2,1,2,1,2,2,2,2,1,2,1,1
0,0,0,0,0,0,0,0,0,0,0,0,0,0,0,2,0,0,2,2,1,0,0,0,0,0,0,0,0,0,0,0,0,0,0,0,0,0,0,0,0,0,0,0,0,0,0,0,0,0,0,0,0,0,0,0,0,0,0,0,0,0,0,0,0,0,0,0,0,0,0,0,0,0,0,0,0,0,2,2,2,0,2,0,0,0,1,1,0,0,0,0,0,0,0,0,0,0,0,0,0,0,0,0,0,0,0,0,0,0,0,0,0,0,0,0,0,0,0,0,0,0,0,0,0,0,0,0,0,0,0,0,0,0,0,0,0,0,0,0,0,0,0,0,0,0,0,0,0,0,0,2,1,0,0,0,0,2,2,2,2,0,0,0,0,0,0,0,0,0,0,0,0,0,0,2,0,2,0,0,0,0,0,0,0,0,2,2,2,2,2,2,2,2,2,2,2,2,2,0,2,2,2,2,0,2,2,2,0,0,0,0,0,0,0,0,0,0,0,2,0,2,2,0,0,2,0,0,0,0,0,0,0,2,0,0,0,0,0,0,0,2,2,0,0,0,0,0,0,0,0,0,0,0,0,0,0,0,0,2,0,0,2,2,0,0,0,0,0,0,0,2,0,0,2,0,0,0,0,0,0,0,0,0,0,0,0,0,0,0,0,2,2,0,2,0,2,2,2,0,0,0,0,0,0,0,0,0,0,0,0,0,0,0,2,0,0,0,1,0,0,0,0,0,0,0,0,0,0,1,0,0,0,0,2,0,0,0,0,0,0,0,0,0,0,0,0,0,0,0,2,0,0,2,0,0,0,0,0,0,0,0,0,0,1,0,1,0,0,0,0,0,0,0,0,0,0,0,1,1,0,0,0,0,0,0,0,0,0,0,0,0,2,0,0,0,0,0,0,0,0,1,1,1,1,1,1,1,1,1,1,1,2,2,2,2,2,0,0,0,0,0,0,2,0,0,0,0,1,0,0,0,0,0,0,0,0,0,0,0,0,0,0,0,0,0,0,0,2,2,2,0,2,2,2,2,2,2,0,2,0,0,0,0,0,0,2,0,0,0,0,0,0,0,0,2,2,2,2,0,0,0,0,0,0,0,0,2,0,2,0,0,0,0,0,0,0,0,0,0,0,0,0,0,0,0,0,0,0,0,0,0,0,0,0,0,0,0,0,0,0,0,0,0,1,0,0,0,0,0,0,0,0,0,0,0,0,0,0,0,0,0,0,0,0,1,0,0,0,0,0,0,0,0,0,0,0,0,0,0,0,0,0,0,0,0,0,0,0,0,0,0,0,2,2,0,2,1,2,0,0,0,0,0,0,2,0,0,0,0,0,0,0,0,0,0,0,0,0,0,0,0,2,0,0,0,2,2,2,2,2,0,0,0,0,0,2,0,0,0,2,0,0,0,0,0,0,0,0,0,0,0,0,0,0,0,0,2,2,2,2,2,0,0,0,0,0,0,2,2,2,0,0,0,0,0,0,0,1,0,0,0,0,0,0,0,0,0,0,0,0,0,0,0,0,0,0,0,0,0,0,0,0,2,2,2,0,0,0,0,0,0,0,0,0,0,0,0,0,0,0,2,0,0,0,0,0,0,0,0,0,0,0,0,0,0,0,2,2,2,2,2,2,0,0,0,0,0,0,2,0,2,0,2,2,2,2,0,2,0,0
2,2,2,1,2,2,3,3,3,3,3,3,3,2,2,3,3,2,1,1,1,2,1,1,3,1,1,3,1,1,3,3,1,1,1,3,3,1,1,3,1,2,2,1,2,2,3,2,2,2,1,1,1,1,2,1,2,2,1,1,1,2,1,2,1,1,1,1,1,1,2,3,1,2,1,2,2,1,1,2,1,2,1,1,1,1,1,2,1,1,1,1,1,1,1,1,1,1,1,1,1,1,1,1,1,1,1,2,1,1,2,2,3,2,3,1,2,1,2,1,2,2,1,3,3,1,2,2,1,3,1,1,2,2,2,2,1,1,1,1,3,1,2,1,2,2,3,2,1,1,1,1,1,1,2,1,1,2,1,2,1,2,1,1,1,1,2,1,1,2,1,1,2,1,2,1,1,2,2,1,2,2,2,1,2,2,1,1,2,1,1,2,2,1,1,1,1,1,2,2,2,1,2,1,1,1,1,2,1,2,1,1,1,1,1,1,1,1,1,1,1,1,1,1,1,1,1,1,1,1,1,1,1,1,1,1,1,1,1,1,2,1,1,2,1,1,1,1,1,1,1,1,1,1,1,1,1,1,1,1,1,1,1,1,1,1,1,1,1,1,1,1,1,1,1,1,1,1,1,1,1,1,1,1,1,1,1,1,1,1,1,1,1,1,1,1,1,1,1,1,1,1,1,1,1,1,1,1,1,1,1,1,1,1,1,1,1,1,1,1,1,1,1,1,1,1,1,1,1,1,1,1,1,1,1,1,1,1,1,1,1,1,1,1,1,1,1,1,1,1,1,1,1,1,1,1,1,1,1,1,1,1,1,1,1,1,1,1,1,1,1,1,1,1,1,1,1,1,1,1,1,1,1,1,1,1,1,1,1,1,1,1,1,1,1,1,1,1,1,1,1,1,1,1,1,1,1,1,1,1,1,1,1,1,1,1,1,1,2,2,1,1,1,1,1,1,1,1,1,1,1,1,1,1,1,1,1,1,1,1,1,1,1,1,1,1,1,1,1,1,1,2,1,1,1,1,1,1,1,1,1,1,1,1,1,1,1,1,1,1,1,1,1,1,1,1,1,1,1,1,1,1,1,1,1,1,1,1,1,1,1,1,1,1,1,1,1,1,1,1,1,1,1,1,1,1,1,1,1,1,1,1,1,1,1,1,1,1,1,1,1,1,1,1,1,1,1,1,1,2,2,1,1,1,1,1,1,1,1,1,1,1,1,1,1,1,1,1,1,1,1,2,1,1,1,1,1,1,1,2,2,2,2,2,1,2,1,2,1,1,1,1,1,1,1,1,1,1,1,1,1,1,1,1,1,1,1,1,1,1,1,1,1,1,1,1,1,1,1,1,1,1,1,2,1,1,1,1,1,1,1,1,1,1,1,1,1,1,1,1,1,1,1,1,1,1,1,1,1,1,1,1,1,1,1,1,1,1,1,1,1,1,1,1,1,1,1,1,1,1,1,1,1,1,1,1,1,1,1,1,1,1,2,2,1,1,1,1,2,1,1,1,1,1,1,2,1,1,1,1,1,2,1,1,1,1,1,1,1,1,1,1,1,1,1,1,1,1,1,1,1,1,1,1,1,1,2,1,1,1,1,1,1,1,1,1,1,1,1,1,1,1,1,1,1,1,1,1,1,1,1,1,1,1,1,1,1,1,1,1,1
1,2,1,2,1,1,1,1,1,1,1,1,1,2,2,2,1,2,2,1,2,2,1,1,1,2,1,1,1,2,1,1,1,2,2,2,2,1,1,1,1,3,3,2,3,2,1,1,1,1,2,1,1,2,2,2,1,1,2,2,2,1,1,2,3,1,1,1,1,2,1,1,1,1,1,2,1,1,3,2,3,2,2,2,2,2,2,2,3,1,1,1,2,1,2,1,2,1,1,2,1,1,3,1,1,2,1,2,1,1,1,1,1,1,1,1,1,3,1,2,1,1,2,1,1,2,1,1,1,2,2,1,1,1,1,1,2,1,1,1,1,1,1,1,1,1,2,1,1,2,2,3,3,1,1,1,3,2,2,2,3,2,3,1,1,1,1,2,1,2,2,2,1,2,2,2,2,3,2,1,1,2,3,3,3,2,2,2,2,2,3,2,2,2,1,2,1,1,1,1,1,2,1,1,1,2,2,2,2,2,2,1,2,1,2,3,1,1,2,1,1,1,2,2,1,2,2,2,3,1,1,1,3,2,2,2,1,1,2,1,1,2,2,1,1,1,1,2,2,2,1,1,1,2,1,1,2,2,2,2,2,2,2,2,2,1,2,2,1,2,1,1,1,2,2,1,2,2,2,2,1,2,2,2,2,2,1,2,2,1,2,2,2,1,2,1,2,2,2,1,1,1,1,1,1,1,1,2,2,1,2,2,1,1,2,1,2,1,2,2,1,1,1,2,2,2,2,1,2,2,1,1,2,2,1,1,1,1,1,1,2,2,1,2,1,1,1,2,1,2,1,1,1,2,1,1,1,1,2,1,1,1,2,1,1,1,2,1,1,1,1,1,1,1,1,1,1,1,2,1,1,1,1,1,1,1,1,1,1,2,2,1,1,1,2,1,1,1,1,1,1,2,3,2,1,2,2,2,1,2,1,2,2,2,2,2,2,2,1,2,2,1,2,2,1,2,1,2,2,2,3,2,2,2,2,1,1,1,2,2,1,1,2,2,2,1,2,3,3,2,3,2,2,2,3,3,3,3,2,3,1,3,3,3,2,1,2,2,2,2,2,3,3,2,2,2,2,3,2,2,1,1,2,2,2,2,2,1,2,1,2,2,1,2,2,2,2,2,2,2,2,2,2,2,1,1,2,2,2,2,2,2,2,2,2,2,2,2,2,2,2,2,2,2,2,1,2,2,2,2,2,2,2,2,2,2,2,2,2,2,2,1,2,2,2,2,1,2,2,2,2,2,2,2,2,2,2,2,2,2,2,2,1,1,1,2,1,2,2,1,2,2,2,2,3,2,3,2,2,2,2,2,2,2,2,2,2,2,2,2,2,1,1,2,2,1,1,2,1,1,1,2,2,2,2,2,1,2,2,2,1,2,2,2,2,2,2,1,1,2,2,1,1,1,1,2,1,2,2,1,2,1,2,1,1,1,1,2,2,2,2,2,1,1,1,1,2,2,2,2,2,2,1,1,2,1,1,1,2,1,1,1,2,2,2,1,1,1,2,1,1,1,1,1,1,3,1,1,1,1,1,2,1,1,2,3,2,2,2,1,1,1,1,1,1,2,2,2,2,2,2,1,1,2,2,1,1,1,1,2,2,2,2,1,2,1,2,2,2,3,2,2,2,1,2,1,2,2,2,2,2,2,2,2,3,1,2,2,2,2,2
1,1,2,1,1,1,1,1,1,1,1,1,1,1,1,1,2,2,1,2,2,3,1,1,1,1,1,1,2,2,1,1,1,3,3,2,1,1,1,1,1,2,2,1,1,3,1,1,1,1,1,1,1,3,2,1,1,1,1,1,2,3,1,1,2,1,1,1,1,1,1,1,1,1,1,1,2,1,2,1,1,1,1,3,2,2,1,2,2,2,2,2,2,2,1,1,1,1,1,1,1,1,3,1,1,1,1,1,1,1,1,1,1,1,2,1,1,2,1,2,1,1,2,1,2,1,1,1,2,1,3,1,1,1,1,1,1,2,1,1,1,1,2,1,1,1,1,3,1,1,1,3,3,1,1,2,2,2,1,1,1,2,3,1,1,1,1,2,2,1,1,1,1,1,1,1,1,2,1,1,1,1,1,1,1,2,1,1,2,3,1,2,1,1,1,1,1,1,2,2,2,1,1,2,1,1,1,1,1,2,1,3,1,1,3,3,2,1,1,3,1,2,3,1,1,2,1,1,1,1,1,1,3,3,1,1,2,1,1,1,1,1,1,1,2,1,1,1,1,1,2,3,3,3,2,2,3,1,1,3,3,2,1,2,2,3,2,3,3,3,2,2,1,3,2,3,2,1,2,3,2,3,2,2,2,2,2,2,1,1,1,3,3,3,3,1,3,3,3,1,1,3,1,1,2,1,1,1,3,1,1,1,1,1,2,1,2,1,3,3,1,2,2,2,2,2,2,2,3,3,2,1,3,3,2,2,3,1,3,2,2,2,3,1,1,3,1,1,1,1,1,1,1,1,1,1,1,1,1,1,1,1,1,1,3,3,2,2,2,1,1,2,3,2,1,1,3,2,3,3,3,3,3,2,1,1,2,3,3,2,2,2,3,2,1,1,1,1,1,1,1,1,1,1,1,1,3,1,2,1,1,1,1,2,3,1,1,2,3,3,2,1,1,1,2,2,2,1,2,2,2,2,2,2,2,2,2,2,1,1,1,2,2,2,2,2,1,2,1,1,2,2,1,2,2,2,2,2,1,2,1,3,2,2,1,3,1,1,1,1,2,2,1,1,1,3,3,3,1,1,1,3,2,1,1,2,1,1,2,3,3,2,2,3,3,3,3,1,1,1,1,1,3,1,1,1,1,1,1,1,1,1,1,1,1,1,1,1,1,1,1,1,1,1,2,2,2,2,2,2,2,2,2,3,1,3,2,1,3,1,1,1,2,2,2,2,1,2,1,2,1,1,2,2,2,2,2,2,2,2,1,2,2,1,1,1,1,1,1,1,1,1,1,2,1,1,1,1,1,2,2,2,2,1,2,3,3,3,3,3,3,3,3,3,3,3,3,3,3,1,1,1,1,1,3,1,1,1,1,1,1,1,1,1,1,2,2,2,1,1,2,1,1,2,3,1,1,1,1,1,1,1,1,1,1,1,1,3,3,2,3,1,1,3,2,1,1,1,3,3,2,3,1,2,3,3,3,2,2,2,3,2,2,2,2,2,2,3,3,2,2,2,2,2,3,3,2,2,2,1,1,2,1,1,2,2,2,1,1,1,2,2,1,1,1,1,1,3,1,1,2,2,2,2,2,3,2,1,1,3,2,2,1,1,1,1,1,1,1,1,1,1,1,1,1,1,1,1,1,1,1,1,1,1,1,1,1,1,1,1,1
2,1,2,1,1,1,1,1,1,1,1,1,1,2,1,1,2,3,1,2,2,1,1,2,2,1,1,1,3,2,1,1,2,1,1,2,2,1,1,2,1,2,2,2,1,1,1,2,2,2,2,1,1,2,1,1,2,2,1,2,1,2,2,1,1,1,1,1,1,3,2,1,2,1,1,3,1,1,2,2,2,2,1,1,1,2,2,1,2,1,1,1,1,1,1,2,1,1,1,1,1,1,2,1,1,3,2,2,1,2,2,2,1,2,2,1,2,2,1,2,2,2,3,1,3,3,2,1,2,2,3,1,1,2,1,2,2,1,1,1,1,1,1,1,1,1,2,2,2,2,2,1,1,1,1,2,1,1,1,1,2,1,1,2,1,1,2,1,1,2,2,2,1,1,1,2,1,1,1,2,2,3,2,2,2,3,1,2,1,1,1,2,1,1,1,2,2,2,2,2,2,1,1,2,2,2,2,1,2,1,2,1,2,2,2,2,1,1,2,2,2,1,1,1,1,2,2,1,1,1,1,2,1,1,1,2,1,1,2,1,1,1,1,2,1,1,1,2,1,2,2,2,1,2,2,1,2,1,2,2,2,2,2,2,1,2,2,1,1,2,1,1,2,1,1,2,2,2,2,2,2,2,3,2,2,1,1,1,2,1,1,2,2,2,2,2,2,2,2,2,2,2,2,2,3,3,3,3,3,3,3,3,2,2,1,1,1,2,2,2,2,1,2,2,3,1,1,1,2,2,1,2,2,2,2,1,2,2,1,2,1,1,1,1,1,1,1,1,2,2,1,1,1,1,2,2,1,1,1,1,2,1,1,1,1,2,1,1,1,2,1,1,1,1,1,1,1,1,2,1,1,2,1,1,2,1,1,1,2,1,2,2,2,2,2,2,2,1,1,1,1,2,2,2,2,2,2,2,2,2,2,1,2,2,2,2,2,2,3,2,2,2,2,2,2,2,1,2,1,1,1,1,2,1,1,1,1,1,1,1,2,1,1,1,1,1,1,2,1,2,1,2,1,2,1,2,1,1,1,2,2,2,1,3,2,2,2,3,1,2,3,1,3,1,3,2,2,1,2,1,1,1,2,1,2,1,1,1,1,1,1,1,1,1,1,1,2,1,1,1,1,1,1,1,1,2,1,1,2,1,1,1,1,1,2,1,1,1,2,1,1,1,1,1,1,1,1,1,1,1,1,2,1,2,1,1,2,1,1,1,1,1,1,1,1,1,1,1,2,1,1,1,1,1,1,1,1,1,1,1,1,1,1,1,1,1,1,1,1,2,1,1,1,2,2,2,2,2,2,1,1,2,1,1,1,1,2,2,1,2,2,2,2,2,2,2,2,2,2,1,2,2,1,1,1,1,2,1,2,1,1,2,2,2,1,2,1,2,2,1,1,1,1,2,2,1,1,1,1,1,1,1,1,1,1,1,1,1,1,1,1,1,1,2,1,1,1,1,1,1,1,1,1,1,1,2,1,1,1,1,1,1,1,1,1,1,2,1,2,1,1,1,2,2,2,2,2,1,1,2,1,1,1,1,1,1,2,1,1,1,1,1,1,1,1,1,2,2,1,2,1,1,2,1,2,1,1,1,1,1,1,1,1,1,2,1,1,1,1,2,1,2,1,1,1,1,1,1,1,2,1,1,2,1,1,1,1,1,1,1,1
2,2,2,1,1,2,1,1,1,1,1,1,2,1,2,1,1,3,1,1,1,1,1,1,1,1,1,1,1,1,1,2,1,3,3,1,1,1,1,1,1,1,2,1,1,2,1,1,1,1,1,1,1,1,1,1,2,1,1,1,2,3,1,1,1,1,1,1,1,1,1,1,1,1,1,1,1,1,1,1,2,2,1,2,1,1,1,1,1,1,1,1,1,2,1,1,1,1,1,1,1,1,3,1,1,1,1,1,2,1,1,1,1,1,1,1,1,1,1,1,1,1,1,2,2,1,1,2,1,1,2,1,1,1,1,1,2,1,1,1,1,1,1,1,1,1,1,2,1,1,1,2,2,1,1,2,2,1,1,1,1,2,3,2,1,2,2,2,1,1,1,2,2,2,1,1,1,1,1,2,1,1,1,1,1,1,2,1,1,2,1,1,2,1,2,1,1,1,1,2,2,2,1,1,1,1,2,1,1,1,2,3,3,1,2,1,1,1,2,1,1,1,1,1,1,1,2,2,2,1,1,1,1,1,1,1,3,1,2,1,1,1,1,2,2,1,1,1,2,2,1,2,1,2,1,1,2,1,1,1,1,1,1,1,1,2,1,2,2,2,1,1,1,2,1,1,1,1,1,2,1,2,1,1,1,2,1,2,1,1,1,2,3,3,1,1,1,1,1,1,1,3,1,2,1,1,1,1,2,1,1,2,1,1,2,1,2,1,1,2,1,1,1,1,1,1,2,1,1,1,1,1,3,2,1,1,1,1,3,1,2,1,3,2,1,3,2,1,1,1,2,1,2,2,1,1,1,2,1,1,1,1,1,2,3,3,1,3,1,1,1,2,1,2,2,1,3,1,1,1,2,2,1,2,1,1,2,2,2,1,1,2,2,1,1,1,3,2,2,2,2,2,1,3,1,1,1,2,1,2,1,2,1,1,1,1,1,2,1,1,1,1,1,1,1,1,1,1,1,2,2,1,1,2,1,3,3,1,1,1,2,1,1,2,1,1,2,1,1,1,1,1,2,2,1,2,1,1,1,1,1,1,2,2,1,1,1,2,1,2,1,1,2,1,1,1,1,1,1,2,1,2,1,1,1,2,2,1,2,1,2,2,2,2,2,2,2,1,1,2,2,1,1,2,3,2,2,1,1,2,1,1,1,2,2,1,1,1,2,2,1,2,2,3,1,2,2,1,2,1,2,2,1,3,2,3,2,1,1,1,1,1,2,2,2,1,2,2,1,2,2,1,2,2,2,1,1,2,1,2,1,1,1,1,1,2,2,2,1,2,1,1,1,1,1,1,1,2,1,2,2,1,2,2,1,1,2,2,1,2,1,1,1,1,1,2,1,1,1,1,1,1,1,2,1,2,2,1,1,2,2,1,2,1,1,1,1,1,1,1,1,2,1,1,1,3,2,1,1,2,1,1,1,1,1,1,1,1,2,1,1,1,1,2,2,1,1,1,1,2,1,1,2,1,1,1,1,1,1,1,3,1,1,1,1,2,1,2,1,1,1,1,2,1,1,2,1,1,1,1,1,2,1,1,1,1,1,1,1,1,2,3,1,1,1,1,1,3,1,1,1,1,1,1,1,3,2,1,1,2,1,1,1,1,1,1,2,2,1,1,1,2,1,1,1,1,1,1,1,1,1,1,1,1,1,1,1,2,1,1,1
77.5,78.3,73.6,76.5,75.6,77,68,80,79,79,79,78,78,74.1,77,78.5,79.9,77.7,61.7,73.6,77.5,77.7,76.1,70.5,84,74.5,79,79,72.9,80.4,77,78,77.5,78.3,67.8,72,76,82,82,82,80,84,84,76.3,81.7,80.4,82,77,75,75,78,76,76,77,75.9,79.7,82.8,80.1,77,79.5,81,81,75,83,82.3,87.9,87.9,87.9,78,82,84,82.3,79.2,85.4,84.6,86.9,77,81,72.9,72.3,74.2,83.3,66.2,73,74.8,73.4,69.1,71.8,74.1,77.7,74.8,74.8,78.8,72.3,67.9,68,69.1,76,70,68.2,74,83,71.8,75.2,76.6,71.9,76.1,80.8,85.6,70.9,82.7,82.7,81.6,80.1,79.5,75.2,78,72,79,75.6,78.2,78.8,73.9,82,84,75.9,82.4,81.7,76.9,80.6,77.8,82.9,85,84.2,80.5,84,81.7,76.1,78.1,77.2,82,80.4,77,74.5,78.8,79.7,82,78.6,81,79.7,75.7,78.1,78.8,74.7,78.1,82,81,75,78.3,72.7,71.4,72.9,78.6,80.8,79.9,77,69.1,69.1,73,75.6,78.8,78.4,84.5,78.4,78.8,78.1,71.6,81.7,80.1,70.9,84.2,77,83.7,73.4,82.4,79.5,73,73.4,73.9,80.6,73.9,81.1,78.8,73.9,71.6,72.9,69.3,78.6,83.1,79.5,80.1,74.7,77.4,80.6,66.2,81.1,72.9,82.4,84.6,82.6,73.9,71.4,79.9,73,77,70.9,78.3,76.5,79.5,69.3,67.3,74.7,74.1,74.1,74.5,77,78.3,76.1,69.1,66.9,70,69.8,72.3,78.3,77,76.3,78.6,80.1,80.1,80.1,76.3,76.1,68.9,72.7,75.9,79.9,81.9,69.8,77.7,79.5,74.1,76.8,78.3,78.1,74.7,74.1,70,67.3,72.1,76.3,76.1,69.2,73.4,76.5,78.8,77,77,76.5,67.5,74.1,71.1,67.1,74.7,79.3,76.3,77.2,74.7,73.8,76.5,76.1,77,78.6,77.7,81.3,78.1,80.6,78.1,80.6,73,75.9,76.5,83.1,81.3,77.4,75.7,74.1,76.3,0,78.1,78.1,78.8,77.7,77.4,78.6,77.4,76.5,74.3,79.9,78.3,77.7,78.1,78.8,75.6,63.9,71.6,65.3,76.1,68,75.7,74.5,71.2,75.2,71.4,71.6,75,79.3,78.8,74.1,78.4,78.3,77,75.7,73.6,79.3,80.6,75.2,73.6,77,78.8,79.5,84.7,81.7,69.6,75.6,72.9,66.9,70.2,69.8,70,69.1,77,69.8,69.4,78.8,74.3,77,79.2,74.7,76.1,74.5,78.1,76.6,80.1,80.1,82.4,79.9,80.6,76.8,77,77.5,74.3,80.1,78.3,76.8,82.4,76.5,77.2,80.1,88.7,83.1,82.4,83.7,80.6,78.6,78.3,78.4,84.6,84.7,81.3,81.3,85.1,81.5,79,81.9,83.1,83.1,75.7,78.1,78.6,78.3,78.3,78.8,83.4,76.3,76.4,74.3,75.1,71.6,75.9,71.6,78.6,75.2,69,77.7,75.6,74.7,78.8,73.8,82,78.4,71.6,70.4,74.8,74.5,77,76.2,77.6,68,70.7,74.5,73.2,73.6,74.7,75.4,77.7,77.9,70.5,68.7,71.6,67.5,73.4,77,79,81.3,78.4,81.3,80.6,79.3,77.9,76,83.5,82.4,71.6,70.3,76.6,76.3,75.9,69.8,79.2,75.2,77,75.2,75.6,66.2,65.8,68,68.7,73.4,75.2,77.4,82,82,81,80.2,76.2,69.1,71.1,78.6,74.3,70.2,74.7,74.5,78.1,76.4,76.3,75.6,71.1,73,67.1,72.7,76.3,75,77,80.1,80.6,81.9,82.4,80.6,76.3,86,82,84,83.7,69.3,69.1,66,67.5,68,69.1,77.5,70.3,69.8,71.8,72.3,72.7,71.1,75.2,75.4,75.2,72.5,74.7,75.2,79,74.8,75.2,72.3,73.8,75.2,73,77,74.7,75.7,77,78,76.5,75.6,73.2,76.3,77.4,78.3,78.1,77.7,77.7,77.7,78.6,78.4,78.3,77,77.4,77.9,79.2,79,79.7,79.3,78.8,77.7,78.6,78.3,79.2,79.3,80.6,80.1,80.1,79.9,78.9,82,79.2,75.2,74.1,75.2,75.4,74.8,75.2,75.9,68.4,75.7,75.7,79.2,78.1,81.5,80.7,81,83.7,81.9,77.7,78.3,72.5,72.7,73.9,71.6,74.1,71.6,74.8,78.8,74.7,73.6,77.7,76.8,80.1,79.3,81.9,81,78.8,81,77.9,67.6,75.6,81.7,78.8,77.7,76.3,78.3,68.7,68.2,74.5,76.3,79.9,78.3,77.4,67.5,69.4,71.2,77,77.8,75.9,68.2,69.1,72.7,66.7,72.2,72.3,72.1,75.7,73.6,73.2,75.6,75.3,71.6,74.4,72.4,72,73.8,75.2,74.2,80.5,72.3,72.1,69.1,70.1,70.7,66.7,75.9,75.5,84.7,81.3,79,80.3,79.5,75.2,73.4,66,67.9,74.3,78.8,75.2,75.1,74.6,71.1,76.8,78.3,78.6,77.5,71.6,77,75.2,77.7,73.4,73.8,73.8,80.8,77,77.5,77,73.4,74.1,74.1,71.3,72,78.6,77.5,79.8,72.3,73.2,68,69.3,68,68.7,72.1,73,75.6,72.3,76.8,72,75.7,74.7,78,84,75.9,77,77.2,80,77,78.3,77,80.1,74.6,71.6,79,79,82,76.3,71.6,82,73.2,78.8,75.2,77.7,78.3,72.3,77.7,71.6,76.5,83.3,69.8,68,71,77,70,75,78,80
75.2,80.2,79.9,70.5,82.4,72.3,76,85,81,75,73,81,77,70.5,79.9,83.5,86.6,75.9,59,81,85.3,75.2,72.7,65.1,85,73.4,81,73,65.2,79.5,81,76,75.2,79.5,60.8,77,88,60.4,84.7,86.7,87,90.9,84,67,81,84,81,76.3,80,80,74,71,71,72,79.7,85.8,82.6,85.3,75.9,87.8,85.3,88,67,89,83.7,92.7,92.7,92.7,77,82,88,75,81.9,89.6,86,85.5,77,81.7,66.2,76.2,69.8,77,77.2,73.4,76.6,68.7,61,68,66.2,73.4,71.2,71.2,78.3,64.4,64,62.6,71.6,88,71,62.8,67.5,85.1,67.1,73.4,78.1,69.1,77.5,83.7,82.9,64.9,83,83,86.4,73.5,78.3,73.8,71,62,81,77,77.5,74.7,72.3,90,86,78.9,84.4,86.3,79,86,74.3,77,88,86,80.2,86,90.3,72.1,82.1,73.2,88,79,77,71.6,86,84.9,90.5,74.7,78.1,80.6,71.1,80.1,76.5,72.6,75.9,85.3,84.6,84.2,77.9,72,61.7,66.9,77,85.5,75.2,75.2,65.8,69.6,67.3,71.8,72.3,79.3,78.9,75.2,75.2,77,72.9,78.8,84.4,65.7,90.3,75.2,79.5,72.5,81.1,84.2,70.3,78.8,76.3,79.2,66.2,85.5,82.6,68,73.4,76.2,63.7,82.4,89.6,77,82.9,74.1,77,78.1,69.1,82.2,69.8,82.9,87.1,82.4,72.7,84.2,81.7,61.3,84,74.1,82.4,78.8,86.5,73.4,69.3,73.2,66.6,66.6,69.3,78.1,81.3,74.7,62.6,62.2,68.2,71.1,66.2,81.3,72.9,83.1,80.6,75.2,77.9,75.9,74.3,72.9,66.2,68,75.2,76.3,87.8,74.7,79.7,82.4,74.7,77.3,84.4,79.5,78.2,65.1,68.7,63.3,66.9,72.3,69.8,63.7,69.3,73.4,78.3,74.3,72.3,75.2,61.9,75.2,71.1,62.8,66.2,81.7,66.2,74.5,68,69.1,77,77,75.2,79,73.4,75.2,70.2,75.9,75.2,77.4,67.1,72.3,71.8,80.1,81.5,76.8,78.1,75.6,77,0,80.6,77.9,74.7,70.9,80.6,80.8,78.6,78.8,72,86,79.2,81.1,84.6,77.5,69.8,62.6,75.5,63.3,84.2,67.6,84.2,72.9,70.5,71.4,68.7,66.2,73.4,78.3,81.7,66.2,82.4,81.1,73.4,74.5,71.2,77.7,84.2,65.5,69.8,75.9,78.3,77,86.2,77.7,66.8,80.1,73.4,65.5,66.2,69.8,69.3,66.4,86.2,62.6,68.3,90.5,80.6,85.1,86,67.6,80.6,73.4,80.6,73.4,82.2,86,85.3,78.4,75.2,68.7,73.4,75.2,66.2,81.3,75.9,69.4,91.4,71.6,78.4,78.1,89.6,83.5,89.6,82.2,75.8,76.1,72.9,87.8,87,81.5,76.5,80.6,87.3,78.3,72.3,78.3,80.6,84.2,68,76.3,80.6,75.9,74.3,80.1,74.8,77,73.4,78.6,78.3,66.7,76.5,69.8,83.1,73.4,68.4,78.8,74.3,71.6,75.4,71.2,80.4,78.8,68.2,74.7,72.9,74.8,74.4,72.3,79.8,74,76,72.5,68,68.7,66.7,72.7,75.6,80.6,62.6,61.9,75.2,64.4,66.4,75.9,80.1,85.5,73.2,79.9,80.6,73.1,73.4,67.5,83.5,81.3,66.7,68.2,65.5,74.3,68,57.2,80.1,63.3,69.3,64.4,71.6,59.7,57.4,62,68,65.1,64.4,66.2,76.2,72,79,76.3,71.4,72.1,66.4,82.4,70.7,61.2,74.1,61.5,79.1,77.1,71.6,78.3,75.2,75.2,66.9,68.7,67.5,77,80.1,79.9,74.3,81.7,82.6,81.9,74.7,92.4,84.9,86.4,84.9,68.4,70.5,57.2,59.7,68.4,73.4,82,61.7,66.6,74.7,72.7,66.2,68,81.7,75.2,78.6,71.6,68.9,76.3,83.5,73.8,68.5,66.2,69.3,72.9,73,78.1,72.5,75.9,82,78.7,80.4,75.6,65.5,70.5,76.1,76.3,74.1,79.9,77.2,84.2,76.4,73.8,66.8,70,69.3,71,77,77,77,74.1,72,70,75,76.6,77.4,79.5,82.6,79.2,77.2,77,77,78.8,74.1,68.7,69.4,72.5,68.4,71.6,75.4,73,63.1,69.1,66,79.9,72.7,79.5,79.9,76.3,86,79.9,79.3,78.6,69.8,72.3,77,72.1,81.5,77,88.9,84.2,76.1,73.4,83.5,82.4,79.5,82,84,78.8,84.9,81,78.6,68,75.5,74.1,84.9,78.3,76.1,86,63.1,74.5,74.1,77.2,81.7,80.6,79.7,64.4,67.3,70.2,77.7,78.6,71.1,74.3,72,75.9,77,81,80.6,78.1,83.9,78.8,80.6,86.2,85.6,84.6,78.8,75.4,79.2,76.3,78.8,85.6,87.6,78.6,70.1,72.1,87.8,88.2,77.7,80.1,80.6,92.8,88.7,83.7,83.8,84.9,73.9,70.4,61.5,68.5,76,77.7,81,65.7,71.1,65.5,82,85.6,88.4,76.4,63.9,76.1,70.9,72.9,69.4,72.5,68,81.8,80.1,75.2,77,69.3,68.7,69.3,64.1,66.7,74.1,74.3,80.4,67.2,69.8,63.9,64.2,70,62.1,67.3,69.1,74.9,64,68.4,68,73,72.3,78,84,74.3,79,73.2,76.1,72.7,76.5,72.5,78.2,71.5,66.2,63.1,83.1,81,78.9,66.2,86.8,73.8,76.5,74.5,79.3,77.7,70.3,89.9,68,72.7,80.1,68,67,73,73,64,72,77,90
83.8,74.4,89,98.6,120,120,33,47,107,80,105,105,118,120,102,97,86,64.2,120,120,57,62,104,120,75.5,120,104,109,76,50,110,103,58,31,43,45,120,95,26,99,62,49,62,97,70,75,110,112,100,100,56,95.2,95.2,25,52,110,47,70,69,72,75,20,120,64,58,70,70,70,90,85,60,69,88,76,104,85,120,120,50,105.5,42,110,120,34,79,89,47,66,66,72,60,60,74,87,120,120,120,120,120,105,120,105,25,120,114,120,115,110,97,109,78,78,101,85,61,110,89,85,120,45,105,120,70,100,103,87,97,56,72,72,53,90,70,102,75,60,75,80,95,90,107,120,120,105,120,111,95,66,119,102,120,58,55,85,100,78,61,90,120,120,120,67,21,61,56,52,105,45,85,114,103,91,70,120,120,57,56.7,43.2,74.1,77,102.8,107,97.2,55.3,78.6,91.4,118,120,120,88.2,120,117.2,120,120,120,120,120,120,106.1,120,106,120,120,120,120,100,120,120,120,105,114.2,28.5,37,119,68,88,91,119,119,65,120,110,95,95,120,96,120,106,115,120,120,120,87,17,120,117,96,120,110,120,120,117,115,120,83,89,68,117,76,36,108,90,77,59,105,96,81,120,103,89,78,80,119,111,82,49,59,40,60,40,90,100,118,45,97,60,77,120,87,60,74,61,85,74,77,78,81,75,120,120,120,75,67,45,61,115,63,0,76,42,50,28,72,82,65,79,92,95,62,115,96,72,73,120,83,120,97,120,60,105,118,102,120,102,103,88,88,88,67,67,63,79,47,34,70,84,59,71,65,65,69,79,40,82,87,42,90,97,106,108,97,120,120,94,120,120,120,120,120,120,120,110,102,83,30,30,71,83,82,90,120,80,62,84,102,104,57,84,72,72,66,46,65,104,109,97,77,67,67,81,93,92,99,99,107,102,113,96,117,120,120,80,80,65,119,95,93,73,82,99,106,98,120,119,104,120,120,118,83,5,120,120,120,120,120,120,98,120,120,100,95,120,117,90,105,86,89,116,120,120,120,108,115,67,120,112,120,72.5,120,120,85,52.5,120,86.6,120,120,120,120,120,120,51.8,98,96.4,101.8,120,40,120,120,120,120,102,86,120,120,120,74,120,108,77,98,85,82,65,77,65,73,74,120,119,120,95,85.5,103,74,67,75,55,120,120,120,120,120,95,120,120,120,120,120,120,120,120,120,120,120,120,120,120,120,120,120,120,120,120,120,103,76,108,115,109,108,104,110,110,80,118,57,103,120,120,120,120,120,106,96,104,72,120,115,120,115,120,120,112,110,108,115,109,112,119,105,115,77,110,120,120,120,120,120,120,120,120,120,120,91,120,118,120,79,102,58,53,72,89,115,107,102,59,52,91,112,109,117,111,36.8,65,78.8,116,116,116,116,116,89.8,120,120,92.4,120,120,120,120,120,120,120,96.8,81.4,86.4,120,120,110.6,93.4,118,120,120,120,120,62.1,96,115,118,120,75,99,65,64,64,65,79,69,63,67,85,55,107,58,48,65,79,117,120,90,82,112,74,82,81,82,88,80,95,85,97,45,95,87,98,99,98,83,47,67,83,85,80,72,77,70,60,87,90,90,100,105,90,95,115,120,115,117,115,100,85,95,90,90,120,120,120,120,48,120,120,95,100,112,67,90,55,65,87,95,73,95,90,98,112,120,120,97,75,75,115,115,115,115,115,115,115,117,115,105,115,114,120,118,110,120,120,120,120,115,120,106
0,0,0,0.21,0,0.03,0,0,0.55,0.33,0,0,0,0,0,0,0,0,0,0,0,0,0,0,0,0,0.55,0,0,0,0,0,0,0,0.03,0.39,0.39,0.39,0,0,0,0,0,0.06,0,0,0,0,0,0,0.39,0,0,0,0,0.49,0,0,0,0,0,0.01,0.01,0,0,0,0,0,0,0,0,0,0,0,0.38,0.38,0.06,0.06,0,0.08,0.05,0,0,0,0,0,0,0,0,0,0,0,0,0.01,0,0.17,0.27,0.39,0,0,0,1.42,0,0,0,0,0,0,0.01,0,0,0,0,0,0,0,0.39,0,0.49,0.13,0,0,0,0,0,0,0,0,0,0,0,0,0,0,0,1.68,0,0,0,0,0.38,0.04,0.06,0,0.13,0,0.39,1.68,0.21,1.21,0,0,0,0.21,0,0,0,0,0,0,0,0,0,0,0,0,0,0.27,0.03,0,0,0,0,0,0,0,0,0,0,0.17,0,0,0,0,0.58,0.03,0,0,0,0,0,0,0.5,0.01,0,0.08,0,0,0.81,0.03,0,0,0,0,0,0,0,0,0,0,0.12,0,0,0,0,0,0,0,0,0,0.2,0,0,0,0,0,0,0,0.01,0,0,0,0,0,0.13,0.01,0,0,0,0,0.06,0,0.06,0,0.05,0.13,0,0,0,0,0,0,0,0,0,0,0,1.89,0,0,0,0,0,0,0,0,0,0,0.03,0,0.17,0,0,0,0.05,0,0,0,0.13,0,0,0,0,0,0,0,0,0,0,0.06,0,0,0.37,1.35,0,0,0,0,0,0,0,0.03,0,0,0,0,0,0,0.58,0,0.01,0,0.11,0,0,0,0.03,0,0.21,0,0,0,0,0,0,0,0,0,1.09,0,0,0,0,0,0,0,0.03,0,0.01,0,0,0,0.03,0,0,0,0,0,0,1.8,0,0,0.06,0.19,0,0.03,1.48,0,0,0,0,0.06,0,0,1.63,0,0,0.39,0,0,0,0.49,0.13,0,0,0,0.36,0,0,0,0.72,0,0,0,0,0,0,1.68,0,0,0,0,0.83,0,0.38,1.21,0,0,0,0.06,0,0,0,1.03,0,0,0,0.02,0,0,0,0.1,0,0,0,0,0,0,0,0,0,0.27,0,0,0.13,0,0,0,0.21,0,0,0,0,0,0,0,0.03,0,0,0,0,0,0,0.58,0,0,0,0,0,0,0,0,0,0,0,0,0,0,0,0,0,0,0,0.01,0,0,0,0,0.05,0,0,0,0,0,0.06,0,0,0,0,0,0,0,0,0,0,0,0,0,0,0,0.05,0,0.01,0,0,0,0,0,0.06,0,0.01,0,0,1,0.17,0,0,0.08,0.27,0.39,0,0,0.03,1.48,0,0,0,0,0,0,0,0,1.63,0,0,0.39,0,0,0,0.13,0,0,0,0.01,0,0.01,0.01,0,0,0,0,0,0.11,1.29,0,0,0.14,0,0,0,0,0,0,1.68,0,0,0,0,0,0,0.2,0.83,0,0,0,0.38,0,0,0,0.06,0,0.95,0,0,0,0,0.05,0,0.13,0.01,0,0,0,0,0.06,0,0,0.02,0,0,0,0,0,1.05,0.71,0.4,1.6,0.03,0,0.01,0,0,0,0,1.3,0.01,0,0,0,0.32,0,0,0.07,0,0,0,0,0,0,0,0,0,0.13,0.01,0,0,0.4,0,0,0.42,0,0,0,0,0,0,0,0,0,0.01,0,0,0,0,0,0,0,0.27,0,1.63,0,0.13,0.36,0,0.11,0.2,0,0,0,0.12,0,0,0.71,0.01,0,0.01,0,0.24,0,0,0,0,0,0,0,0,0,0,0,0,0.03,0,0,0,0,0,0,0,0,0,0,0.01,0,0,0.17,0.27,0,0,0,0,0,0,0,0.13,0,0.01,0.01,0,0,0,0,0,0,0,0,0,0,0,0,0,0,0.08,0,0,0.74,0,0.58,1.31,0,0,0,0,0,0,0,0,0.06,0.39,0,0,1.17
0,0,0,0.21,0.58,0.03,0,0,0.55,0.88,0.33,0,0,0.17,0.27,0,0.01,0,0,0,0.03,0,0,0,0,0,0.55,0.33,0,0,0,0,0,0,1.55,0.58,0.58,0.58,0.39,0,0,0,0,0.06,0.05,0,1.63,1.63,0,0,0.39,0,0,0,0,0.49,0.13,0,0,0,0.01,0.01,0.02,0.36,0,0,0,0,0,0,0,1.68,0,0,0.38,0.38,0.51,0.51,1,0.08,0.06,0,0,0.03,0,0,0,0,0,0,0,0,0,1.53,1,0.17,0.27,0.58,0.39,0,0,1.51,1.48,1.42,0,0,0,0,0.01,0.06,0.05,0.05,1.63,0,0,0,0.39,0,0.49,0.62,0.13,0,0,0,0.01,0.36,0,0,0,0.11,1.29,0,0,0,0,1.68,0,0,0,0,0.38,0.42,0.51,0,0.13,0.13,0.58,1.68,0.34,1.21,0.06,0,0,0.21,0,0.03,0.21,0,0,0,0,0,0,1.44,0,0,0,0.27,0.03,1.48,0,0,0,0.38,0.95,0,0,0,0,0.24,0,0,0,0.21,0.58,0.03,0,0,0,0,0,0.08,0.52,0.01,0.01,0.08,0,0,0.83,1.12,0,1.44,0,0,0,0,1.48,0,0.36,0.38,0.12,0,0,1.35,0,0.03,0.74,0,0.03,0,0.2,0,0,0,0,0,0,0,1.53,0,1,0,1.48,0.05,0.62,0.01,0,0,0,0.38,0.51,0.93,0.06,1.48,0.06,0.62,0,0.12,0.03,0,0.01,0.02,0,0,0,0,0,2.09,0.09,0,0,0,0,0,0,1.44,0,0,1.55,0,0.17,0,1.48,0,0.06,1.63,0,0,0.62,0,0.36,0,1.29,0,0,0,0,0,0.06,0.51,0,0.01,0.37,2.38,0,0,0,0.16,0,0,0,0.03,0,0.74,1.61,0,0,0,0.58,0.61,0.03,1.31,0.21,0,0,0,0.03,1.67,0.21,0,0,0,0,0,0,0,0,0,1.92,0,0,0,1.44,0,0,0,0.36,0.03,0.01,0,0,0,1.55,0.03,0,0.04,0,0,0,1.8,0,0,0.06,0.27,0,0.03,1.51,1.48,0,0,0,0.06,0.05,0,1.63,1.63,0,0.39,0.39,0,0,0.49,0.62,0,0,0.01,0.36,0,0.11,0.11,1.29,0.72,0,0.14,0,0,0,1.68,1.68,0,0,0,1.17,0.83,0.38,1.21,1.91,0,0,0.51,0.13,0,0,1.4,0.01,0,0,0.02,0,0,0.61,0.1,0,0,0,0,0,0,0,0,1,0.27,1.48,0,0.62,0.01,0,0,0.21,0,0,0,0,1.44,0,0,1.55,0,0,0,1.48,0,0,1.29,0,0,0,0,0,0,0,0,0.98,0,0,0,0,0,0,0,0,0,0,1.53,0,1,0,1.48,0.06,0,0,0,0,0.38,0.51,0,0,0,0,0,0,0,0,1.44,0,0,0,0.93,0,1.48,0.06,0,0.01,0,0,0,0,0.38,0.51,0,0.01,0.36,0.38,1,0.17,0.17,0,0.08,0.27,0.58,0.39,0,0.03,1.51,1.48,0,0,0,0,0,0,0,1.63,1.63,0,0.39,0.39,0,0,0.62,0,0,0,0.01,0.01,0.01,0.02,0.01,0.36,0,0,0,0.11,1.29,1.29,0,0.14,0.14,0,0,0,0,0,1.68,1.68,0,0,0,0,0,0.34,1.03,0.83,0,0,0.38,0.38,0,0,0.51,0.06,0.95,0,0.98,0,1.48,0.06,0,0.62,0.01,0,0,0,0.38,0.51,0.12,0,0.02,0.02,0,0,0,0,1.05,1.76,1.11,2,1.63,0.03,0.08,0.08,0,0,0,2.38,1.31,0.01,0,0,0.32,0.32,0,0.07,0,0.09,0,0,0,0,0,0,1.48,0.62,0.01,0.06,0.02,1.11,0,0,0.44,0,0,0,0,0,0.61,0,0,0,0.01,0,0,0,1.44,0,0.03,0.93,0.27,0,1.63,0,0.62,0.36,0,0.11,0.34,0,0.38,0,0.12,0,0,1.76,0.08,0,0.12,0,0.24,0,0,0,0,0,0,0.74,0,0,0,0,0.61,0.03,1.31,0,0,0,0,0,0,0,0,0,1.53,0,1,0.17,0.27,0,1.48,0,0,0.06,0,0,0.62,0,0.01,0.01,0.36,0,1.29,0,0,0,0,0.38,0,0,0,0,0.03,0,0.08,0,0.03,0.74,0.21,0.58,1.31,0,0.03,0.5,0.03,0.01,1,0,1.48,0.06,0.39,0,0.01,1.29
2.44,10.65,4.89,2.54,2.2,7.1,2.64,4.36,9.76,6.9,5.23,1.77,5.75,7.72,10.41,4.94,5.37,4.51,5.42,9.56,6.47,4.31,5.03,5.51,4.36,3.74,9.76,5.23,6.04,1.49,1.77,5.42,3.64,3.21,9.81,7.05,6.47,4.89,7.43,6.86,3.5,8.97,6.25,3.31,4.94,8.66,5.99,6.23,2.92,2.92,8.58,5.08,5.08,3.69,6.62,7.82,7.34,8.54,9.97,13.28,6.47,7.72,6.7,3.74,6.76,2.75,2.75,2.75,3.5,3.4,3.69,5.51,5.47,4.73,5.66,5.66,3.69,3.69,4.94,6.43,6.33,6.38,9.96,6.47,4.22,4.98,5.37,3.69,5.8,1.49,3.69,3.69,3.16,9.71,4.94,8.06,8.15,4.89,7.43,7.38,6.18,6.6,7.15,8.76,4.79,3.6,8.78,6.65,3.79,5.66,4.94,4.94,6.38,6.95,2.78,3.26,8.63,6.33,7.91,3.98,7.62,6.57,11.08,11.99,6.42,5.51,3.93,8.63,9.69,4.05,5.8,6.95,3.4,2.92,6.52,8.78,5.13,7.19,8.78,5.11,5.66,4.08,3.69,3.93,4.14,6.23,6.47,9.02,4.7,6.38,2.73,7.34,2.54,3.02,7.1,8.25,3.5,8.46,4.31,5.66,4.07,6.33,4.31,6.86,3.64,3.07,4.17,8.34,6.14,8.31,6.95,9.69,3.6,2.93,2.59,5.13,8.76,6.33,5.8,7.86,10.84,5.8,1.68,12.32,7.24,7.72,7.53,9.96,7.77,5.08,5.85,4.45,6.9,4.25,6.71,4.55,5.37,3.59,6.18,4.55,4.84,6.95,3.07,4.15,4.22,4.36,7.86,4.84,4.75,2.93,9.26,15.78,13.48,8.15,7.14,6.76,1.39,6.14,8.15,10.16,5.61,7.58,4.46,5.22,5.18,1.58,7.95,3.64,9.93,4.31,5.13,5.27,6.85,4.94,3.98,5.94,9.98,5.99,5.18,2.77,4.65,4.51,5.18,7.86,6.43,3.5,7.96,5.96,4.03,12.16,4.75,6.14,2.73,7.29,5.56,2.35,9.96,10.96,6.14,4.27,4.98,5.51,3.69,5.95,1.53,6.95,3.69,3.07,9.81,4.17,7.43,5.27,6.85,8.97,6.33,5.56,3.12,5.75,4.12,11.08,5.27,9.69,5.66,6.19,3.4,5.51,5.23,8.44,3.6,4.41,3.98,4.03,10.36,7.91,2.97,9.97,9.3,2.83,4.7,7.53,10.26,7.05,3.21,1.39,1.77,5.9,2.73,5.13,6.86,5.75,7.91,5.13,3.12,7.67,6.71,7.82,4.92,9.06,2.2,4.07,6.2,5.03,4.46,5.66,1.68,3.02,5.71,6.04,4.84,3.4,1.49,7.48,6.95,4.65,1.92,3.4,5.42,2.59,4.03,4.03,4.24,6.86,9.71,5.13,9.3,8.05,8.34,4.27,6.18,6.28,4.36,5.37,5.18,10.07,7.19,6.76,7.45,7.36,6.23,3.6,4.17,4.27,4.94,9.26,9.25,5.99,2.88,8.58,3.6,3.36,6.04,7.96,4.12,8.49,11.99,2.78,9.78,9.59,5.86,1.29,7.53,5.94,6.47,7.62,4.12,3.02,6.52,8.58,5.27,5.08,3.31,8.92,6.14,3.69,5.7,6.28,7.1,3.64,10.07,3.98,5.8,5.85,5.94,10.79,4.84,7.72,3.4,6.9,3.12,2.45,5.75,12.13,5.27,4.27,5.03,5.51,3.79,5.61,5.32,11.32,4.94,8.34,7.36,3.12,3.98,7.96,6.67,8.96,2.68,4.07,5.47,3.69,6.04,6.95,3.64,3.21,9.81,4.31,3.88,5.27,7.66,3.64,9.83,7.86,6.19,6.14,8.92,6.38,4.51,5.56,5.03,4.17,4.99,10.36,5.42,4.07,4.7,4.89,3.4,5.18,1.58,3.4,2.68,9.93,4.46,4.94,5.27,6.85,6.23,3.12,6.9,5.99,8.44,2.77,4.65,9.96,5.42,5.51,5.03,5.22,3.74,6.04,1.49,6.95,3.69,3.02,4.27,4.65,5.23,7.15,6.14,3.26,5.94,9.69,5.99,5.85,8.92,2.93,4.65,12.18,12.13,4.75,2.93,8.82,7.58,10.79,5.61,5.32,8.34,5.37,5.66,7.38,6.38,8.36,7.36,6.47,3.31,4.17,8.92,7.15,4.08,7.75,9.69,5.56,3.12,8.34,4.1,2.78,4.65,4.22,8.49,5.75,11.32,14.29,7.14,5.85,8.71,2.78,5.27,2.25,5.85,9.59,10.3,7.24,5.66,3.26,9.88,7.67,4.51,3.4,5.8,3.4,5.51,9.21,5.27,3.55,5.37,7.14,3.12,8.92,3.74,7,3.55,2.44,5.11,5.66,2.93,3.64,8.87,4.17,2.83,5.8,3.98,4.99,5.23,7.66,6.23,3.69,4.12,5.85,9.59,6.47,6.9,2.88,4.17,5.18,7.15,10.74,6.95,9.61,5.66,13.81,5.32,8.58,7.05,9.64,6.18,6.43,4.03,3.21,4.07,5.9,11.71,13.76,8.15,8.1,4.75,8.97,5.8,8.92,6.95,9.16,8.1,10.16,5.99,4.22,1.58,1.49,3.07,5.37,5.18,7.66,4.12,5.85,2.4,6.76,9.54,6.04,3.36,6.42,3.5,4.6,3.55,4.17,5.27,5.75,10.79,8.46,5.51,6.61,2.78,3.59,3.07,7.1,3.84,5.13,4.84,8.15,5.23,7.96,3.69,3.5,10.17,10.26,7.56,3.79,4.09,3.5,5.08,9.35,9.46,8.92,7.29,3.21,7.7,7.62,2.97,7.53,7.34,10.17,11.51,5.18,4.79,3.4,1.01,1.58,6.71,4.6,5.61,4.6,7.96,5.08,4.12,5.27,7.67,5.03,5.51,3.69,1.49,3.64,3.21,9.71,4.7,4.94,8.06,8.15,7.38,6.85,3.5,8.58,5.99,3.26,6.33,3.98,11.08,6.47,6.81,5.51,9.98,5.8,6.14,7.19,8.78,5.11,2.88,3.93,5.65,14.67,5.32,3.07,9.54,8.15,10.55,10.65,3.79,12.61,6.86,7.91,7.19,3.19,7.67,6.04,5.23,5.08,6.66,6.2,6.04,8.44,8.49,2.54,7.29
