WaubesaBeach1,WaubesaBeach1,WaubesaBeach1,WaubesaBeach1,WaubesaBeach1,WaubesaBeach1,WaubesaBeach1,WaubesaBeach1,WaubesaBeach1,WaubesaBeach1,WaubesaBeach1,WaubesaBeach1,WaubesaBeach1,WaubesaBeach1,WaubesaBeach1,WaubesaBeach1,WaubesaBeach1,WaubesaBeach1,WaubesaBeach1,WaubesaBeach1,WaubesaBeach1,WaubesaBeach1,WaubesaBeach1,WaubesaPark9,WaubesaPark9,WaubesaPark9,WaubesaPark9,WaubesaPark9,WaubesaPark9,WaubesaPark9,WaubesaPark9,WaubesaPark9,WaubesaPark9,WaubesaPark9,WaubesaPark9,WaubesaPark9,WaubesaPier2,WaubesaPier2,WaubesaPier2,WaubesaPier2,WaubesaPier2,WaubesaPier2,WaubesaPier2,WaubesaPier2,WaubesaPier2,WaubesaPier2,WaubesaPier2,WaubesaPier2,WaubesaPier2,WaubesaPier2,WaubesaPier2,WaubesaPier2,WaubesaPier2,WaubesaPier2,WaubesaPier2,WaubesaPier2,WaubesaPier2,WaubesaPier2,WaubesaPier2,WaubesaPier3,WaubesaPier3,WaubesaPier3,WaubesaPier3,WaubesaPier3,WaubesaPier3,WaubesaPier3,WaubesaPier3,WaubesaPier3,WaubesaPier3,WaubesaPier3,WaubesaPier3,WaubesaPier3,WaubesaPier3,WaubesaPier3,WaubesaPier3,WaubesaPier3,WaubesaPier3,WaubesaPier3,WaubesaPier3,WaubesaPier3,WaubesaPier4,WaubesaPier4,WaubesaPier4,WaubesaPier4,WaubesaPier4,WaubesaPier4,WaubesaPier4,WaubesaPier4,WaubesaPier4,WaubesaPier4,WaubesaPier4,WaubesaPier4,WaubesaPier4,WaubesaPier4,WaubesaPier4,WaubesaPier4,WaubesaPier4,WaubesaPier4,WaubesaPier4,WaubesaPier4,WaubesaPier4,WaubesaPier4,WaubesaPier4,WaubesaPier4,WaubesaPier4,WaubesaPier4,WaubesaPier4,WaubesaPier4,WaubesaPier4,WaubesaPier4,WaubesaPier4,WaubesaPier4,WaubesaPier4,WaubesaPier4,WaubesaPier4,WaubesaPier4,WaubesaPier4,WaubesaPier4,WaubesaPier5,WaubesaPier5,WaubesaPier5,WaubesaPier5,WaubesaPier5,WaubesaPier5,WaubesaPier5,WaubesaPier5,WaubesaPier5,WaubesaPier5,WaubesaPier5,WaubesaPier5,WaubesaPier5,WaubesaPier5,WaubesaPier5,WaubesaPier5,WaubesaPier5,WaubesaPier5,WaubesaPier5,WaubesaPier5,WaubesaPier5,WaubesaPier5,WaubesaPier5,WaubesaPier5,WaubesaPier5,WaubesaPier5,WaubesaPier5,WaubesaPier5,WaubesaPier5,WaubesaPier5,WaubesaPier5,WaubesaPier5,WaubesaPier5,WaubesaPier5,WaubesaPier5,WaubesaPier5,WaubesaPier5,WaubesaPier5,WaubesaPier5,WaubesaPier5,WaubesaPier5,WaubesaPier5,WaubesaPier5,WaubesaPier5,WaubesaPier5,WaubesaPier5,WaubesaPier5,WaubesaPier5,WaubesaPier5,WaubesaPier5,WaubesaPier5,WaubesaPier5,WaubesaPier5,WaubesaPier5,WaubesaPier5,WaubesaPier5,WaubesaPier5,WaubesaPier5,WaubesaPier5,WaubesaPier5,WaubesaPier5,WaubesaPier5,WaubesaPier5,WaubesaPier5,WaubesaPier5,WaubesaPier5,WaubesaPier5,WaubesaPier5,WaubesaPier5,WaubesaPier5,WaubesaPier5,WaubesaPier5,WaubesaPier5,WaubesaPier5,WaubesaPier5,WaubesaPier5,WaubesaPier5,WaubesaPier5,WaubesaPier5,WaubesaPier5,WaubesaPier5,WaubesaPier5,WaubesaPier5,WaubesaPier5,WaubesaPier5,WaubesaPier5,WaubesaPier5,WaubesaPier5,WaubesaPier5,WaubesaPier5,WaubesaPier5,WaubesaPier5,WaubesaPier5,WaubesaPier5,WaubesaPier5,WaubesaPier5,WaubesaPier5,WaubesaPier5,WaubesaPier5,WaubesaPier5,WaubesaPier5,WaubesaPier5,WaubesaPier5,WaubesaPier5,WaubesaPier5,WaubesaPier5,WaubesaPier5,WaubesaPier5,WaubesaPier5,WaubesaPier5,WaubesaPier5,WaubesaPier5,WaubesaPier5,WaubesaPier5,WaubesaPier5,WaubesaPier5,WaubesaPier5,WaubesaPier5,WaubesaPier5,WaubesaPier5,WaubesaPier5,WaubesaPier5,WaubesaPier5,WaubesaPier5,WaubesaPier5,WaubesaPier5,WaubesaPier5,WaubesaPier5,WaubesaPier5,WaubesaPier5,WaubesaPier5,WaubesaPier5,WaubesaPier5,WaubesaPier5,WaubesaPier5,WaubesaPier5,WaubesaPier5,WaubesaPier5,WaubesaPier5,WaubesaPier5,WaubesaPier5,WaubesaPier5,WaubesaPier5,WaubesaPier5,WaubesaPier5,WaubesaPier5,WaubesaPier5,WaubesaPier5,WaubesaPier5,WaubesaPier5,WaubesaPier5,WaubesaPier5,WaubesaPier5,WaubesaPier5,WaubesaPier5,WaubesaPier5,WaubesaPier5,WaubesaPier5,WaubesaPier5,WaubesaPier5,WaubesaPier5,WaubesaPier5,WaubesaPier5,WaubesaPier5,WaubesaPier5,WaubesaPier5,WaubesaPier5,WaubesaPier5,WaubesaPier5,WaubesaPier5,WaubesaPier5,WaubesaPier5,WaubesaPier5,WaubesaPier5,WaubesaPier5,WaubesaPier5,WaubesaPier5,WaubesaPier5,WaubesaPier5,WaubesaPier5,WaubesaPier5,WaubesaPier5,WaubesaPier5,WaubesaPier5,WaubesaPier5,WaubesaPier5,WaubesaPier5,WaubesaPier5,WaubesaPier5,WaubesaPier5,WaubesaPier5,WaubesaPier5,WaubesaPier5,WaubesaPier5,WaubesaPier5,WaubesaPier5,WaubesaPier5,WaubesaPier5,WaubesaPier5,WaubesaPier5,WaubesaPier5,WaubesaPier5,WaubesaPier5,WaubesaPier6,WaubesaPier6,WaubesaPier6,WaubesaPier6,WaubesaPier6,WaubesaPier6,WaubesaPier6,WaubesaPier6,WaubesaPier6,WaubesaPier6,WaubesaPier6,WaubesaPier6,WaubesaPier6,WaubesaPier6,WaubesaPier6,WaubesaPier6,WaubesaPier6,WaubesaPier6,WaubesaPier6,WaubesaPier6,WaubesaPier6,WaubesaPier6,WaubesaPier6,WaubesaPier6,WaubesaPier6,WaubesaPier6,WaubesaPier6,WaubesaPier6,WaubesaPier6,WaubesaPier6,WaubesaPier6,WaubesaPier6,WaubesaPier6,WaubesaPier6,WaubesaPier6,WaubesaPier6,WaubesaPier6,WaubesaPier6,WaubesaPier6,WaubesaPier6,WaubesaPier6,WaubesaPier6,WaubesaPier6,WaubesaPier6,WaubesaPier6,WaubesaPier6,WaubesaPier6,WaubesaPier6,WaubesaPier6,WaubesaPier6,WaubesaPier6,WaubesaPier6,WaubesaPier6,WaubesaPier6,WaubesaPier6,WaubesaPier6,WaubesaPier6,WaubesaPier6,WaubesaPier6,WaubesaPier6,WaubesaPier6,WaubesaPier6,WaubesaPier6,WaubesaPier6,WaubesaPier6,WaubesaPier6,WaubesaPier6,WaubesaPier6,WaubesaPier6,WaubesaPier6,WaubesaPier6,WaubesaPier6,WaubesaPier6,WaubesaPier6,WaubesaPier6,WaubesaPier6,WaubesaPier6,WaubesaPier6,WaubesaPier6,WaubesaPier6,WaubesaPier6,WaubesaPier6,WaubesaPier6,WaubesaPier6,WaubesaPier6,WaubesaPier6,WaubesaPier6,WaubesaPier6,WaubesaPier6,WaubesaPier6,WaubesaPier6,WaubesaPier6,WaubesaPier6,WaubesaPier7,WaubesaPier7,WaubesaPier7,WaubesaPier7,WaubesaPier7,WaubesaPier7,WaubesaPier7,WaubesaPier7,WaubesaPier7,WaubesaPier7,WaubesaPier7,WaubesaPier7,WaubesaPier7,WaubesaPier7,WaubesaPier7,WaubesaPier7,WaubesaPier7,WaubesaPier7,WaubesaPier7,WaubesaPier7,WaubesaPier7,WaubesaPier7,WaubesaPier7,WaubesaPier7,WaubesaPier7,WaubesaPier7,WaubesaPier8,WaubesaPier8,WaubesaPier8,WaubesaPier8,WaubesaPier8,WaubesaPier8,WaubesaPier8,WaubesaPier8,WaubesaPier8,WaubesaPier8,WaubesaPier8,WaubesaPier8,WaubesaPier8,WaubesaPier8,WaubesaPier8
6/4/15 9:25,6/10/15 9:33,6/18/15 9:28,6/25/15 9:23,7/2/15 9:15,7/9/15 10:05,7/16/15 9:19,7/23/15 9:20,8/6/15 9:20,8/13/15 10:50,8/20/15 9:14,6/9/16 17:21,6/16/16 12:55,6/23/16 10:13,7/1/16 16:29,7/7/16 16:54,7/14/16 15:24,7/22/16 14:59,7/29/16 15:44,8/4/16 17:51,8/12/16 12:41,8/18/16 18:53,8/25/16 15:30,6/2/16 10:00,6/8/16 10:09,6/16/16 11:15,6/23/16 10:00,6/30/16 10:35,7/7/16 10:40,7/14/16 9:30,7/21/16 10:40,7/28/16 10:20,8/4/16 10:40,8/11/16 12:45,8/18/16 11:00,8/25/16 10:55,6/10/15 10:00,6/12/15 10:00,6/25/15 11:34,7/4/15 12:00,7/5/15 9:15,7/6/15 8:00,7/7/15 8:30,7/8/15 8:30,7/16/15 10:00,8/5/15 10:00,8/28/15 11:00,6/22/16 13:23,6/30/16 11:30,7/4/16 11:00,7/8/16 11:00,7/14/16 11:00,7/18/16 11:00,7/22/16 11:00,7/28/16 11:00,8/1/16 11:00,8/11/16 9:00,8/19/16 9:45,8/25/16 9:45,6/14/14 14:20,6/21/14 17:11,6/28/14 8:58,7/3/14 6:45,7/12/14 10:25,7/18/14 17:55,7/26/14 11:20,8/3/14 13:52,8/10/14 16:35,8/18/14 19:05,6/4/15 6:50,6/11/15 7:23,6/18/15 7:26,6/25/15 6:28,7/2/15 8:19,7/10/15 8:15,7/30/15 7:10,8/6/15 7:08,8/13/15 7:30,8/20/15 7:05,8/27/15 7:00,6/9/14 16:10,6/16/14 14:45,6/24/14 10:00,7/1/14 12:15,7/6/14 14:30,7/14/14 16:00,7/21/14 16:30,8/5/14 11:00,8/11/14 13:25,8/22/14 14:45,8/22/14 14:45,8/25/14 12:30,6/1/15 9:20,6/13/15 14:26,6/22/15 8:30,7/2/15 8:57,7/9/15 13:15,7/17/15 9:25,7/24/15 9:45,7/30/15 9:40,8/9/15 9:00,8/13/15 9:50,8/21/15 9:00,8/27/15 9:30,6/2/16 10:05,6/9/16 14:10,6/17/16 9:50,6/23/16 8:40,7/11/16 9:15,7/14/16 10:05,7/18/16 9:45,7/21/16 21:25,7/25/16 9:05,7/29/16 8:35,8/8/16 8:30,8/11/16 9:00,8/19/16 16:45,8/25/16 9:05,7/1/14 16:15,7/2/14 11:00,7/3/14 15:15,7/5/14 13:40,7/6/14 15:00,7/7/14 14:20,7/9/14 17:05,7/10/14 16:00,7/12/14 12:30,7/13/14 16:45,7/16/14 15:40,7/17/14 15:00,7/18/14 12:45,7/20/14 22:45,7/21/14 16:50,7/22/14 15:05,7/25/14 15:40,7/26/14 15:10,7/29/14 8:15,8/9/14 19:15,8/10/14 12:30,8/11/14 14:20,8/13/14 15:05,8/14/14 14:40,8/15/14 14:50,8/17/14 14:05,8/18/14 14:25,8/20/14 14:50,8/22/14 14:50,8/23/14 12:10,8/24/14 9:55,8/25/14 15:45,8/26/14 16:45,8/29/14 14:10,8/30/14 13:15,8/31/14 15:45,6/6/15 12:00,6/7/15 14:55,6/8/15 14:34,6/9/15 9:12,6/10/15 16:30,6/14/15 11:01,6/15/15 9:27,6/16/15 10:56,6/17/15 11:48,6/18/15 9:24,6/19/15 9:14,6/20/15 13:43,6/21/15 9:09,6/22/15 13:21,6/23/15 14:32,6/24/15 14:09,6/25/15 10:03,6/26/15 16:07,6/27/15 17:47,6/28/15 10:53,6/29/15 10:22,6/30/15 13:06,7/1/15 13:55,7/2/15 10:01,7/3/15 9:36,7/4/15 11:00,7/5/15 10:22,7/6/15 14:58,7/7/15 10:09,7/8/15 11:14,7/9/15 10:31,7/10/15 9:55,7/11/15 9:59,7/12/15 9:29,7/13/15 12:39,7/14/15 9:44,7/15/15 9:49,7/16/15 9:16,7/17/15 9:06,7/18/15 8:21,7/19/15 9:31,7/20/15 13:08,7/21/15 14:29,7/22/15 10:17,7/23/15 13:12,7/24/15 9:20,7/25/15 12:38,7/26/15 9:29,7/27/15 10:42,7/28/15 8:45,7/29/15 9:45,7/30/15 11:16,7/31/15 15:39,8/1/15 12:17,8/2/15 10:47,8/3/15 10:46,8/4/15 9:25,8/5/15 10:33,8/6/15 8:14,8/7/15 9:16,8/8/15 10:22,8/9/15 14:22,8/10/15 16:05,8/11/15 11:43,8/12/15 11:52,8/13/15 9:20,8/14/15 11:10,8/15/15 11:48,8/16/15 9:10,8/17/15 16:19,8/18/15 9:32,8/19/15 15:07,8/20/15 8:57,8/21/15 12:22,8/22/15 9:47,8/23/15 10:07,8/24/15 16:12,8/26/15 12:44,8/27/15 11:37,8/28/15 8:49,8/29/15 10:27,8/30/15 10:02,8/31/15 8:44,6/1/16 10:51,6/2/16 9:19,6/3/16 12:47,6/4/16 11:13,6/5/16 10:22,6/6/16 15:40,6/7/16 8:13,6/8/16 9:06,6/9/16 10:15,6/10/16 9:29,6/11/16 9:53,6/12/16 9:25,6/13/16 13:12,6/14/16 12:32,6/15/16 13:01,6/16/16 10:13,6/17/16 10:29,6/18/16 8:54,6/19/16 10:22,6/20/16 11:34,6/21/16 7:17,6/22/16 8:44,6/23/16 8:34,6/24/16 8:46,6/25/16 8:34,7/1/16 18:27,7/2/16 9:45,7/3/16 10:10,7/4/16 9:19,7/5/16 7:51,7/6/16 10:18,7/7/16 10:10,7/8/16 8:31,7/9/16 10:41,7/10/16 15:50,7/11/16 9:17,7/12/16 9:00,7/13/16 10:25,7/14/16 11:03,7/15/16 13:42,7/16/16 9:09,7/17/16 11:18,7/18/16 9:24,7/19/16 8:28,7/20/16 12:35,7/21/16 7:33,7/22/16 8:56,7/23/16 9:25,7/24/16 9:41,7/25/16 8:59,7/26/16 11:16,7/27/16 8:24,7/28/16 8:46,7/29/16 10:01,7/31/16 10:21,8/1/16 9:11,8/2/16 8:55,8/4/16 8:07,8/5/16 8:12,8/6/16 10:34,8/7/16 9:51,8/8/16 8:45,8/9/16 8:11,8/10/16 7:52,8/11/16 7:59,8/12/16 9:48,8/13/16 8:44,8/14/16 11:24,8/15/16 8:09,8/16/16 20:00,8/17/16 9:53,8/18/16 7:50,8/20/16 14:55,8/21/16 10:37,8/22/16 8:57,8/23/16 9:42,8/24/16 11:40,8/25/16 7:51,8/26/16 8:11,8/27/16 10:08,8/28/16 19:21,8/29/16 9:02,8/30/16 7:40,8/31/16 13:41,6/1/15 10:04,6/2/15 9:04,6/3/15 11:09,6/4/15 9:11,6/5/15 10:56,6/6/15 11:11,6/7/15 13:11,6/8/15 12:32,6/9/15 9:11,6/10/15 11:51,6/11/15 14:01,6/12/15 15:20,6/13/15 10:32,6/14/15 10:20,6/15/15 8:12,6/16/15 12:30,6/17/15 15:54,6/18/15 12:54,6/19/15 11:00,6/20/15 9:06,6/21/15 8:36,6/22/15 7:45,6/23/15 20:57,6/24/15 10:33,6/25/15 10:27,6/26/15 8:22,6/27/15 10:11,6/28/15 13:25,6/29/15 10:00,7/1/15 12:16,7/2/15 10:35,7/3/15 10:26,7/4/15 9:48,7/5/15 9:23,7/6/15 9:55,7/9/15 16:44,7/10/15 15:19,7/11/15 9:11,7/12/15 12:09,7/13/15 12:36,7/14/15 13:10,7/16/15 10:19,7/17/15 13:59,7/18/15 16:28,7/20/15 10:11,7/21/15 14:58,7/22/15 14:39,7/23/15 15:10,7/24/15 11:15,7/26/15 18:04,8/1/15 9:26,8/2/15 17:04,8/5/15 13:41,8/9/15 11:53,8/11/15 12:14,8/15/15 10:00,8/19/15 12:04,8/26/15 15:59,8/28/15 11:31,8/29/15 18:57,8/31/15 11:22,6/2/16 8:54,6/3/16 8:51,6/8/16 9:43,6/9/16 15:56,6/14/16 11:07,6/15/16 10:34,6/16/16 8:46,6/17/16 15:57,6/18/16 12:29,6/19/16 9:48,6/21/16 9:10,6/21/16 18:37,6/22/16 13:40,6/24/16 9:48,6/25/16 9:53,6/26/16 10:35,6/30/16 8:02,7/2/16 8:20,7/7/16 10:20,7/8/16 8:29,7/11/16 9:31,7/14/16 10:46,7/16/16 10:45,7/19/16 10:46,7/20/16 11:02,7/21/16 17:40,7/23/16 10:02,7/24/16 10:51,7/31/16 9:42,8/1/16 10:20,8/28/16 14:24,8/30/16 11:27,6/4/15 6:49,6/11/15 6:47,6/18/15 7:04,6/25/15 6:44,7/2/15 6:55,7/9/15 7:32,7/16/15 6:44,7/23/15 6:48,7/31/15 14:51,8/6/15 10:22,8/13/15 7:01,8/20/15 8:50,8/27/15 17:25,6/2/16 7:36,6/9/16 14:41,6/20/16 17:43,6/23/16 6:58,6/30/16 20:36,7/7/16 6:44,7/15/16 13:00,7/21/16 10:29,7/28/16 7:25,8/7/16 14:37,8/10/16 19:21,8/18/16 8:01,8/25/16 6:51,8/6/15 10:20,8/27/15 15:30,6/3/16 6:34,6/9/16 19:35,6/16/16 13:43,6/23/16 17:26,6/30/16 7:30,7/7/16 10:53,7/14/16 19:24,7/21/16 10:06,7/28/16 15:52,8/4/16 15:35,8/11/16 11:11,8/18/16 19:40,8/25/16 18:37
2,2,2,2,3,2,1,2,2,2,1,1,1,1,1,1,1,1,1,1,1,1,1,2,1,2,2,2,3,2,2,2,1,1,2,2,1,1,2,1,2,2,1,1,2,2,1,2,2,2,1,1,1,1,1,1,1,1,1,1,1,1,1,2,3,2,2,1,2,2,2,2,3,2,2,1,2,3,2,2,1,2,2,1,1,1,1,1,1,1,1,1,1,1,1,1,1,1,1,1,1,1,1,1,1,2,3,2,1,1,1,1,1,1,1,1,1,1,1,1,1,1,1,1,1,2,1,1,1,2,1,1,1,1,1,1,1,1,1,1,1,1,1,1,2,1,1,1,1,1,1,1,1,1,2,1,1,2,2,1,1,1,1,1,1,1,2,1,1,3,1,1,1,1,1,1,1,1,1,1,1,1,1,1,2,2,1,1,1,1,1,1,1,1,1,1,1,2,1,1,1,1,1,2,1,1,1,1,1,1,1,2,1,1,1,1,1,1,1,1,1,1,1,1,1,1,1,1,2,1,1,1,1,1,1,1,1,1,1,1,1,1,1,1,1,1,1,1,1,1,1,1,1,1,2,1,1,2,2,1,1,1,1,1,1,1,1,1,1,1,1,1,1,1,1,1,1,1,1,1,1,1,1,1,2,1,1,1,1,1,1,1,1,1,1,1,1,1,1,1,1,1,1,1,1,1,1,1,1,1,1,1,1,1,1,1,1,1,2,1,1,1,1,1,1,1,1,1,1,1,1,1,1,1,1,1,2,2,1,1,1,2,1,1,3,1,1,1,1,1,1,1,1,1,1,1,1,1,1,1,1,1,1,1,1,1,1,1,1,1,1,1,1,1,1,1,1,1,1,1,1,1,1,1,1,1,1,1,1,3,3,1,2,1,3,1,1,1,2,1,1,1,1,1,1,1,1,1,1,1,1,1,1,1,1,1,1,2,1,2,1,1,1,1,1,1,1,1,1,1,2,1,1,1,1,1,1,1,1,1,2,1,1,1,1,2,1,1,1,1,1,1,1,1,1
2,2,2,1,1,1,0,1,1,1,0,0,0,0,0,0,0,0,0,0,0,0,0,2,0,2,2,1,1,2,2,2,0,0,2,2,0,0,2,0,2,2,0,0,2,2,0,2,1,2,0,0,0,0,0,0,0,0,0,0,0,0,0,2,2,2,2,0,2,2,2,1,1,2,2,0,2,2,2,2,0,2,2,0,0,0,0,0,0,0,0,0,0,0,0,0,0,0,0,0,0,0,0,0,0,2,2,2,0,0,0,0,0,0,0,0,0,0,0,0,0,0,0,0,0,2,0,0,0,2,0,0,0,0,0,0,0,0,0,0,0,0,0,0,2,0,0,0,0,0,0,0,0,0,2,0,0,2,2,0,0,0,0,0,0,0,2,0,0,1,0,0,0,0,0,0,0,0,0,0,0,0,0,0,2,2,0,0,0,0,0,0,0,0,0,0,0,2,0,0,0,0,0,2,0,0,0,0,0,0,0,2,0,0,0,0,0,0,0,0,0,0,0,0,0,0,0,0,2,0,0,0,0,0,0,0,0,0,0,0,0,0,0,0,0,0,0,0,0,0,0,0,0,0,1,0,0,2,2,0,0,0,0,0,0,0,0,0,0,0,0,0,0,0,0,0,0,0,0,0,0,0,0,0,1,0,0,0,0,0,0,0,0,0,0,0,0,0,0,0,0,0,0,0,0,0,0,0,0,0,0,0,0,0,0,0,0,0,1,0,0,0,0,0,0,0,0,0,0,0,0,0,0,0,0,0,2,1,0,0,0,1,0,0,1,0,0,0,0,0,0,0,0,0,0,0,0,0,0,0,0,0,0,0,0,0,0,0,0,0,0,0,0,0,0,0,0,0,0,0,0,0,0,0,0,0,0,0,0,2,1,0,2,0,1,0,0,0,1,0,0,0,0,0,0,0,0,0,0,0,0,0,0,0,0,0,0,1,0,1,0,0,0,0,0,0,0,0,0,0,2,0,0,0,0,0,0,0,0,0,2,0,0,0,0,0,0,0,0,0,0,0,0,0,0
1,1,1,1,1,1,1,1,1,1,1,1,1,1,1,1,1,1,1,1,1,1,1,1,1,1,1,1,1,1,1,1,1,2,1,1,1,1,1,1,1,1,1,1,1,1,1,1,1,1,1,1,1,1,1,1,1,1,1,1,1,1,1,1,1,1,1,1,1,1,1,1,1,1,1,1,1,1,1,1,1,1,1,1,1,1,1,1,1,1,1,1,1,1,1,1,1,1,1,1,1,1,1,1,1,1,1,1,1,1,1,1,1,1,1,1,1,1,1,1,1,1,1,1,1,2,1,2,1,1,1,2,1,1,1,1,1,1,1,1,1,1,1,1,2,1,1,1,1,1,1,1,1,1,1,1,1,1,1,1,1,1,1,1,1,1,1,1,1,1,1,1,1,1,1,1,1,1,1,1,1,1,1,1,1,1,1,1,1,1,1,1,1,1,1,1,1,1,1,1,1,1,1,1,1,1,1,1,1,1,1,1,1,1,1,1,1,1,1,1,1,1,1,1,1,1,1,1,1,1,1,1,1,1,1,1,1,1,1,1,1,1,1,1,1,1,1,1,1,1,1,1,1,1,1,1,1,1,1,1,1,1,1,1,1,1,1,1,1,1,1,2,1,1,1,1,1,1,1,1,1,1,1,1,1,1,1,1,1,1,1,1,1,1,1,1,1,1,1,1,1,1,1,1,1,1,1,1,1,1,1,1,1,1,1,1,1,1,1,1,1,1,1,1,1,1,1,1,1,1,1,1,1,1,1,1,1,1,1,1,1,1,1,1,1,1,1,1,1,1,1,1,1,1,1,1,1,1,1,1,1,1,1,1,1,1,1,1,1,1,1,1,1,1,2,1,1,1,1,1,1,1,1,1,1,1,1,1,1,1,1,1,1,1,1,1,1,1,1,1,1,1,1,1,1,1,1,1,1,1,1,1,1,1,1,1,1,1,1,1,1,1,1,1,1,1,1,1,2,1,1,1,1,1,1,1,1,2,1,1,1,1,1,1,1,1,1,1,1,1,1,1,1,1,1
2,1,2,1,3,2,2,2,1,2,2,2,2,1,2,2,1,1,1,1,1,2,2,2,1,2,2,2,3,2,2,2,2,2,2,2,1,1,2,2,2,2,1,1,2,2,1,1,1,1,1,1,1,1,2,1,1,1,1,2,2,2,2,2,2,2,2,2,2,2,2,2,2,2,3,2,2,2,2,2,1,2,2,1,1,1,1,1,1,1,1,1,1,1,1,2,1,1,1,1,1,1,1,1,1,2,2,2,1,1,1,1,1,1,1,1,1,1,2,2,1,1,1,2,2,2,1,2,1,1,1,1,1,1,1,1,1,1,1,1,2,1,1,1,2,1,1,1,1,1,1,1,1,1,2,2,1,2,2,1,1,1,2,1,1,1,1,1,2,1,1,1,1,1,1,1,1,1,1,1,2,1,1,1,1,1,1,1,1,1,1,1,1,1,2,1,1,1,1,1,1,1,1,1,2,1,1,1,1,2,1,1,1,2,1,1,2,1,2,1,1,2,1,1,1,1,1,2,1,1,1,1,1,1,1,1,2,1,1,2,1,1,2,2,1,2,1,1,1,1,1,1,1,1,1,2,1,1,1,1,1,1,1,1,1,1,1,1,1,1,1,1,1,1,1,1,1,1,1,1,1,1,1,1,2,1,1,1,1,1,1,1,2,1,1,1,2,1,1,1,1,1,1,1,1,1,1,1,1,1,1,1,1,1,2,1,1,2,1,1,1,1,1,1,1,2,1,1,1,1,1,1,1,1,1,1,2,2,1,1,1,1,1,1,1,1,1,1,1,1,1,1,1,1,1,1,2,1,1,1,2,1,1,1,1,1,1,1,1,1,1,1,1,1,1,1,1,2,1,1,1,1,1,2,1,1,1,1,1,2,2,1,1,2,1,1,1,1,1,1,1,1,1,1,1,1,1,1,2,1,1,1,1,1,1,2,2,2,1,1,1,1,1,1,1,1,1,1,1,1,1,1,1,1,1,1,1,1,1,1,2,2,2,1,2,1,1,1,1,1,1,1,1,2,1
1,1,2,3,3,2,3,3,2,2,2,1,1,1,1,1,1,1,1,1,1,2,1,3,2,3,3,2,3,2,3,2,3,2,1,2,1,1,2,2,2,2,1,1,2,2,2,1,2,3,1,1,1,1,2,1,2,1,1,1,1,1,3,2,3,2,2,2,2,2,2,2,3,2,3,3,2,3,2,3,3,3,3,3,3,3,3,3,3,3,3,2,1,1,2,3,2,1,2,2,2,2,2,2,2,2,3,2,2,2,2,2,2,2,2,2,2,2,3,3,1,1,2,2,3,2,1,2,2,3,2,2,1,1,2,1,1,1,1,1,1,2,2,1,2,2,2,2,2,2,2,2,2,2,1,1,2,1,1,1,1,1,1,1,1,2,2,1,2,3,1,1,2,2,2,2,1,1,1,1,1,2,1,1,2,2,2,2,2,2,2,2,2,2,2,2,2,2,2,2,2,2,2,2,2,2,3,2,2,3,2,2,2,2,2,2,3,3,2,2,2,2,2,2,2,2,2,2,2,2,3,2,2,2,2,2,2,1,1,1,1,2,3,2,1,1,1,1,1,1,1,2,2,1,1,1,1,2,2,1,1,1,1,1,1,1,1,1,2,2,2,2,2,2,2,2,2,2,2,2,2,2,2,2,2,2,2,2,2,2,2,2,2,2,2,2,2,2,2,2,2,2,2,2,2,2,2,2,2,3,3,2,2,2,2,2,1,2,2,2,2,1,1,1,1,1,1,1,1,1,1,2,1,1,2,2,2,3,2,1,3,3,2,3,3,1,2,3,3,3,2,3,3,2,3,3,3,3,2,2,3,2,3,3,3,3,3,3,3,3,3,2,3,2,2,3,3,3,3,2,2,3,1,1,1,1,1,1,1,2,3,1,3,2,2,2,1,1,2,3,1,1,1,2,1,1,2,2,2,2,2,2,3,3,1,1,2,3,1,3,3,3,3,2,3,3,2,1,1,3,2,2,3,3,3,3,3,3,3,3,1,2,1,1,2,1,1,3,3,2,2,2,1,2,1
1,1,2,2,1,2,1,2,1,2,1,2,1,2,2,3,2,2,1,1,2,1,1,3,3,2,3,2,2,3,2,3,2,3,2,2,1,1,1,1,2,1,1,1,1,2,2,1,1,1,1,1,1,1,1,1,1,2,1,1,1,1,1,1,1,1,1,2,2,2,1,1,1,1,1,1,1,2,1,1,1,1,1,1,1,1,1,1,1,1,1,1,1,1,1,1,1,1,1,1,1,1,1,1,1,1,1,2,1,1,1,1,1,1,1,1,1,1,1,1,1,1,1,1,1,1,1,1,1,1,1,1,1,1,1,1,1,1,1,1,1,1,1,1,1,1,1,1,1,1,1,1,1,1,1,1,1,1,1,1,1,1,1,1,1,1,1,1,1,1,1,1,1,1,1,1,1,1,1,1,1,1,1,1,1,1,1,1,1,1,1,1,1,1,1,1,1,1,1,1,1,1,1,1,1,1,1,1,1,1,1,1,1,1,1,1,1,1,1,1,1,1,1,1,1,1,1,1,1,1,1,1,1,1,1,1,1,1,1,1,1,1,1,1,1,1,1,1,1,1,1,1,1,1,1,1,1,1,1,1,1,1,1,1,1,1,1,1,1,1,1,1,1,1,1,1,1,1,1,1,1,1,1,1,1,1,1,1,1,1,1,1,1,1,1,1,1,1,1,1,1,1,1,1,1,1,1,1,1,1,1,1,1,1,1,1,1,1,1,1,1,1,1,1,1,1,1,1,1,1,1,1,1,1,1,1,1,1,1,1,1,2,2,1,1,1,1,1,1,1,1,1,1,1,1,1,1,1,1,1,1,1,1,1,1,1,1,1,1,1,1,2,1,1,1,1,1,1,1,1,1,1,1,1,1,1,3,1,1,1,1,1,1,1,1,1,1,1,1,2,1,1,1,1,1,1,1,2,1,1,1,1,1,1,1,1,1,2,1,1,2,2,1,1,1,1,1,1,1,3,2,1,2,1,1,1,2,1,2,2,2,1,2,2,1,2,3,1,1,1,2,2,1,3,1
1,1,1,1,1,1,2,1,1,1,1,1,1,2,1,1,1,1,2,1,1,1,1,1,1,2,1,2,1,3,1,1,2,2,1,1,1,2,1,1,2,1,1,2,1,2,2,1,1,1,1,1,1,1,1,1,2,2,1,3,1,2,1,1,1,1,1,2,1,1,1,1,1,1,1,1,1,1,1,1,1,1,1,3,1,3,1,1,1,1,1,1,1,1,1,2,1,1,1,2,1,1,1,1,1,1,1,1,1,2,1,1,2,2,1,1,1,1,3,3,2,2,2,2,3,1,1,3,2,1,1,1,1,2,1,1,2,1,1,1,2,1,2,1,1,1,1,1,1,1,1,1,2,2,1,2,3,1,2,2,1,1,1,2,1,1,1,2,3,1,1,1,2,1,1,2,2,2,1,1,1,1,2,1,1,1,1,1,1,2,1,1,1,1,2,2,2,1,1,1,2,1,1,1,2,3,3,1,2,3,2,1,1,1,2,1,3,2,1,2,2,1,2,2,1,2,3,2,1,3,3,2,1,1,1,1,1,1,2,1,1,3,3,3,1,1,1,2,1,1,1,1,2,1,1,1,3,1,1,1,1,1,1,1,1,1,1,2,1,2,3,2,2,1,2,3,2,1,3,1,1,1,1,1,1,2,2,1,1,1,2,1,1,1,1,2,2,1,1,1,1,1,1,2,2,1,1,1,1,3,3,1,1,1,2,1,1,1,1,1,2,2,1,2,1,3,2,2,2,1,3,2,2,1,2,1,2,1,2,2,2,1,1,1,1,2,2,2,2,1,1,2,1,1,1,1,1,1,1,1,1,2,1,2,2,2,3,1,1,2,2,2,3,1,1,3,2,2,2,1,1,1,1,1,1,2,2,2,3,1,1,1,2,3,1,1,2,2,1,2,1,2,1,3,1,1,1,2,1,2,1,1,2,1,2,2,2,1,1,1,1,1,3,1,1,3,1,1,1,2,1,2,1,1,1,1,2,1,1,2,1,1,1,1,2,1,1,1,3,2,1,2,1,1,2
69.8,73.4,75.2,72.5,71.1,74.3,74.7,76.3,75.9,77.4,70.7,72.9,72.3,72.7,75.1,79.8,82.6,79.9,76.1,82.6,79,85.8,83.3,70.5,68,75,76.3,75.6,79.2,75.9,79.5,82.6,82.9,81.3,82.2,78.8,72,76,76,77,78,78,76,75,78,74,73,76.1,77,73.4,79.1,77.5,77,77.4,80.6,80.6,80.2,77,77.1,74.5,76.5,78.1,70.9,74.5,77,74.1,78.4,81.9,78.8,70.5,74.7,76.3,75.2,69.6,73.4,75,75.2,77.2,71.1,70,79,75.4,77.2,75.2,76.2,77,77.2,76.5,77.1,76.8,76.8,76.7,64.2,71.4,75.2,73.2,78.6,75.6,79,76.3,75.9,78.3,74.5,70.9,70.5,71.1,75.2,77,77.4,75.4,75.2,78.1,78.3,79.6,78.8,80.3,80.1,75.7,77.5,73.4,76.3,75.9,75.2,79,76.3,78.1,75.6,77.9,77,80.4,76.3,75.2,78.8,79.5,75.7,77.2,72,75.9,78.1,81.9,77.2,77,76.6,75.6,77,79.3,81.9,76.6,74.8,77.2,79.5,78.8,76.8,79,70.5,72.7,75.2,71.6,77,71.6,73,73.2,73.4,75.4,73.4,74.3,73.4,75.4,76.6,81.3,74.1,74.1,77,73.6,73.4,63.9,75.2,72.9,73.6,76.8,76.3,77,73.4,73.4,73.6,75.5,76.5,76.3,78.8,76.5,75.9,74.9,74.7,77,78.1,77.9,78.8,77,83.5,79.5,80.6,78.8,80.6,78.1,78.1,77.7,80.1,79.2,78.3,76.3,76.3,78.3,75.4,76.6,75.2,80.1,80.6,76.8,79.7,77.4,77.3,82.8,80.4,80.6,78.8,77,73.5,75.2,74.7,73.2,70.7,69.8,70.5,70,69.1,69.8,70.3,72.3,72,75.4,74.1,72,75,68,69.4,70,71.4,72.3,71.6,75,75.2,77.7,75.6,75.2,75.6,79,77.5,77,77,76.5,75.9,76.5,78.1,75.4,71.1,75.2,75.4,77,78.3,75.6,77.9,78.6,77.7,77.2,78.8,76.3,77,76.3,76.3,75.9,77.4,81.7,78.6,77.5,82.8,79.5,79.9,83.1,82.6,80.6,79.6,79,78.3,78.8,81.9,79.1,79.5,79.5,78.8,78.3,80.1,80.8,80.6,79.9,81.3,80.6,84,80.8,80.8,78.8,76.6,76.5,76.8,76.8,76.1,76.5,73.2,77.7,76.3,76.6,77.5,65.7,66.4,68.1,67.6,69.4,70.6,70.5,72.3,71.4,73.9,73.4,73.4,70.5,72,72.9,75.6,79.3,75.4,74.5,74.1,72.9,75.2,77.2,78.3,74.5,75.4,74.5,75.6,74.1,75.9,74.5,75.2,74.5,75.4,74.7,80.5,79.9,75.7,77.6,78.1,76.8,75.6,78.3,78.8,78.3,78.2,80.4,81.8,78.8,80.6,77.4,81.3,82.2,76.1,78.1,78.4,77.3,72.4,70.2,70.1,72.1,70.7,73.1,70.5,71.5,75.2,76.1,74.7,80.4,79.8,78.1,76.7,79.4,77.5,77.5,77.4,77.4,77,74.7,77.4,76.6,78.1,77.4,76.5,79.7,79.9,82.4,82.4,79.1,79.9,79.3,78.6,78.2,67.8,71.6,75.2,75.2,70.9,71.3,73.4,77,79,77,76.5,72.7,74.8,70.2,71.1,82.8,76.3,78.8,78.1,76.3,79.5,81,80.6,83.7,79.9,76.5,77.2,73.6,75.2,71.6,71.4,77.7,76.3,78.1,78.3,78.6,80.1,85.1,80.6,85.3,78.3
69,85,83,43,54,100,53,52,47,55,81,93,94,88,84,91,94,90,91,89,90,81.2,82.3,44,81,50,46,98,26,63,45,68,55,72,101,85,120,120,90,95,88,75,98,100,85,78,85,120,100,80,93,100,80,84,77,92,82,92,83,66,64,90,108,88,72,87,80,48,59.6,84,82,81,92,80,83,84,85,69,85,67,93,63,72,63,61,56,59,63,67,62,62,65,115,101,78,102,95,93,76,81,76,68,75,73,90,95,55,60,85,75,85,65,73,70,70,70,69,70,90,95,85,85,95,85,70,75,75,60,70,35,75,85,75,75,70,70,80,45,60,65,65,60,55,70,55,55,55,60,70,65,65,65,65,55,120,100,60,120,120,120,120,120,120,120,120,120,80,120,95,35,120,120,80,100,120,120,120,120,120,120,110,100,110,120,120,110,105,105,105,90,95,90,90,70,65,65,60,75,70,70,60,70,80,70,60,60,45,70,65,55,65,70,75,75,70,65,40,55,60,55,60,60,60,60,65,65,70,70,75,60,45,75,75,75,80,85,75,120,120,120,120,75,45,110,120,120,120,120,120,120,120,120,100,120,120,120,110,85,80,120,120,120,115,120,115,120,110,115,115,100,85,100,110,110,115,95,85,110,85,100,105,100,95,95,100,100,80,85,85,85,95,90,85,100,90,95,90,90,90,90,90,90,90,90,90,90,80,85,85,55,65,90,90,85,90,85,115,90,90,90,85,120,120,120,120,120,120,120,120,120,120,120,120,120,120,120,105,102,98,120,91,95,110,96,85,120,110,81,92,105,110,95,92,105,94,105,78,99,106,105,78,99,78,86,76,72,59,69,69,59,69,76,64,78,79,65,62,69,65,76,71,76,110,120,120,120,120,120,120,101,120,120,61,86,90,113,120,103,96,103,114,109,109,103,99,106,106,103,99,98,85,89,78,79,120,120,120,62,120,44,49,50,25,67,56,58,58,120,120,40,80,90,70,70,70,73,63,55,73,80,65,52,120,116,50,92,108,88,93,82,64,80,75,60,63
75.9,78.3,77,68.7,61.2,68,66,70.9,71.6,77.9,62.6,73.7,69.8,69.2,76.3,80.8,84.8,86,71.7,88.2,78.2,80.8,82.6,66.6,62.6,70.2,68.4,73.9,79.9,75.6,77,75.2,82.4,82.9,80.6,75.2,80,78,75,78,79,80,65,68,76,70,60,71.2,74,69.4,80.2,76.8,77.8,84.4,83.2,75,79.1,69.7,80.1,75.4,75.2,75.9,60.9,74.1,77.2,74.7,81.9,79.5,79.3,67.6,66,75.6,67.5,59.2,68,70.2,64.4,69.8,60.8,57.2,85.3,79.5,80.6,79.5,82,79.5,84.2,75.9,83.8,85.8,85.8,71,53.6,70.3,71.6,57.2,73.4,82.8,81.3,72.9,67.6,74.8,66.2,63.1,82.4,73.2,75.2,66.7,77,80.8,74.7,79.2,77.7,66.4,66.2,83.7,81.9,70.7,76.8,63.5,71.8,74.8,77.7,81.7,72.7,78,75.9,79.9,69.5,74.5,72.5,73.9,83.4,87.3,71.8,78.7,64.9,77.2,77.5,80,77.5,69.3,77.2,74.3,81.5,81.5,83.7,75.8,74.8,74.3,75,84.2,74.5,82.1,72.9,79.2,77.5,71.8,82.6,72.9,71.5,70,72.8,73.4,64,73.1,72.9,77.9,75.2,78.2,68.1,72.5,77,63.7,67.5,70.5,68,61.7,65,75.7,76.5,78.2,63.7,64.4,68.8,73.6,72.7,73.1,81.9,74.3,65.7,64.7,77.2,73.1,73.9,77.4,76.5,74.5,82.7,75.5,84,74.7,83.7,76.5,75.2,79.9,79.9,78.8,81,75.1,68.7,74.5,64.6,72.7,67.5,78.5,80.1,75.5,72.7,73.4,80.1,83.8,77.8,73.1,71.1,64.8,59.4,77.1,72.5,65.1,63.3,62.6,70.2,61.7,64.4,68,65.5,68.9,64.4,79.2,70.4,66.7,72.5,58.1,59.4,64.2,74.7,75.2,60.4,77.1,79.9,82,67.5,74.7,73.2,78.7,82.2,64.4,71.5,68.5,69.5,73.4,71.8,69.8,75,66.2,72.1,73.4,72,74.7,70.9,78.8,77.5,71.6,82.5,77,67.3,66.2,78.4,74.1,72.3,79,77,74.1,82.4,82.5,74.3,82.2,74.6,74.1,69.2,71.1,71.6,73.8,75.2,73,73.8,71.5,68,72,73.5,75.2,75.4,72,78.8,70.8,77.8,72.7,72,70.4,65.2,64.4,70.8,77,69.8,66.7,64.4,77.7,72,72.1,73.6,57.3,61.3,71.8,71.6,66.9,68.5,77.2,78.8,71.6,81.1,62.6,65.6,65.1,73.5,70.5,74.1,83.7,77.6,68.7,64.7,70.1,69.8,71.1,77.1,68.5,64.1,72.1,75.1,68,68.2,64.4,65.5,73.2,73.5,76.8,81.2,82.2,71.5,80.4,80.8,77.8,64.2,84.6,87.3,76.3,77.7,82,88.4,77.8,81.3,72.2,89.4,82.4,71.6,78.6,82.8,64.4,68.9,65.5,67.3,77.1,65.7,71.7,63,72.3,79.8,77.8,67.5,84.9,82.9,82.3,72.9,81.3,80.6,72.9,81,77.7,71.6,68,75.2,75.5,81.5,77.7,77,81.8,81.6,90,84.4,87.3,72.8,76.5,79.5,81,69.1,64.4,72.3,70,54.3,60.8,63.9,65.5,81.1,73,67.1,62.6,76.5,62.1,73.4,86,71,68,72.3,69.3,78.8,72.3,78.8,88.3,74.5,71.1,76.1,76.4,74.1,77.9,68.4,74.8,63.3,74.5,77,77.2,79.5,89.6,77.2,80.6,75.2
0,0,0,0,0,0,0,0,0,0,0.01,0.08,0,0.05,0.37,0.13,0.01,0.11,0.14,0,0.2,0,0.06,0,0,0,0.05,0,0.13,0.01,0,0,0,0.14,0,0.06,0,1.99,0,0,0,0,0.77,0,0,0,0,0.01,0,0,0,0.01,0,0.11,0,0,0,1.21,0.06,0,0.03,0,0.01,0,0,0,0,0,0,0,0,0,0,0,0,0,0,0,0.01,0,0,0,0,1.35,0,0,0,1.74,0,0,0,1.31,0,0,0.01,0,0,0.83,0,0,0,0,0.02,0,0,0.08,0,0.05,0,0.01,0,0.11,0,0.12,0,0,1.21,0.06,0.37,0.01,0,0,0,0,0,0,0,0.42,0,0,0,0,0,0,0.02,0,0,0,0,0,0,0,0,0,0,0,0,0,0.03,1.31,0,0,0.21,0,0,0.06,0,0.03,0,0.21,0.07,0,0,0,0,0,0.08,0.5,0,0,0,0.01,0,0,0.08,0,0,0,0,0,0,0.28,0.68,0,0,0,0,0,0.55,0.33,0,0,0.83,1.09,0.03,0,0,0,0,0,0,0,0,0,1.44,0,0,0,0,0,0,0,0,0,0.36,0,0.01,0.01,0,0,0,0,0,0.32,0.33,1.52,0.01,0,0,0.04,0,0,0,0,1.8,0,0,1,0,0,0,0,0.17,0,0,0.02,0.25,0.39,0,0,0.03,1.48,0,0,0,0,0,0,0,0.05,0,0,0,0,0,0,0,0.49,0.13,0,0,0,0,0,0,0.01,0.01,0,0.36,0,0,0,0,0.11,0,1.29,0,0,0,0,0.14,0,0,0,0,1.68,0,0,0,0,0,0,0.34,0.83,0,0,0,0.38,0,1.91,0.02,0,0,0.45,0.06,0,0.95,0,0,0,0,0,0,0,0,0,0,0.06,0,0.03,0,0.42,1.41,0,0.21,0.07,0,0,0,0,0,0.08,0,0,0,0,0.01,0,0,0.08,0,0,0,0,0,0,0,0,0,0,0.55,0.33,0,0.83,1.12,0,0,0,0,0,0,0,0,0,0,0,0,1.52,0,0,1.43,0,0,0,0,0.08,0.03,1.48,0,0,0,0,0,0,0.01,0,0,1.63,0,0,0.13,0,0,0.01,0,0,0,0,0,1.29,0,0,0,0.13,0,0,0,0,0,0,0,0,0,0,0,0.01,0,0,0.08,0,0.06,0.39,0,0.01,0,0,0,0,0,0.06,0,0,0,0.08,0,0,0,0.13,0.01,0,0,0,0.13,0,0
0,0.03,0,0,0,0,0,0,0,0,1.53,0.08,1.48,0.06,0.39,0.62,0.01,0.11,0.14,0,0.34,0.38,0.51,1,0,1.48,0.06,0,0.62,0.01,0,0,0,0.14,0.38,0.51,0.03,2.08,0,0,0,0,0.77,0.77,0,0,0,0.01,0,0,0.13,0.01,0.36,0.11,0,0,0,1.21,0.51,0,1.63,0,0.01,0,0,0.02,0.74,0,0,0,0,0,0,0,0,1.44,0,0,1.53,0,0.12,0,0.08,2.38,0,0.42,0,1.74,0,0.61,0.61,1.34,0,1.67,0.09,0,0,0.83,0,1.44,0.36,0,0.03,0,1,0.08,0,0.06,0,0.01,0.36,0.11,1.29,0.12,0,0,1.21,0.51,2.38,1.36,0.01,0,0,0,0.32,0,0,0.44,0.24,0.16,0,0,0,0,0.02,0.02,0.03,0,0,0,0,0,0,0,0,0.58,0.61,0,0.03,1.31,1.31,0,0.21,0.21,0,0.06,0.06,0.03,0.03,0.21,0.28,0.09,0,0,0,0,0.08,0.58,0.5,0,0,0.01,0.01,0,0.08,0.08,0,0,0,0,0,0.28,0.77,0.49,0,0,0,0,0.55,0.88,0.33,0,0.83,1.92,1.12,0,0,0,0,0,0,0,0,0,1.44,1.44,0,0,0,0,0,0,0,0,0.36,0.03,0.01,0.01,0.01,0,0,0,0,0.32,0.33,1.53,1.53,0.03,0,0.04,0.04,0,0,0,1.8,1.8,0,1,1,0,0,0,0.17,0.17,0,0.02,0.27,0.64,0.39,0,0.03,1.51,1.48,0,0,0,0,0,0,0.06,0.05,0,0.39,0.39,0,0,0,0.49,0.62,0.13,0,0,0,0,0.01,0.01,0.02,0.01,0.36,0.36,0,0,0,0.11,0.11,1.29,1.29,0,0,0,0.14,0,0,0,0,1.68,1.68,0,0,0,0,0,0.34,1.17,0.83,0,0,0.38,0.38,3.12,1.91,0.14,0,0.45,0.51,0.06,0.95,0.95,0,0,0.13,0,0,0,0,0,0,0.06,0.06,0.03,0.03,0.42,2.09,1.89,0.21,0.28,0.09,0,0,0,0,0.08,0.08,0.5,0,0,0.01,0.01,0,0.08,0,0,0,0,0,0,0,0,0,0,0.55,0.88,0,0.83,1.66,0.03,0,0,0,0,0,0,0,0,0.24,0.01,0,1.85,0,0,1.8,0,1,0,0,0.08,0.03,1.51,1.48,0,0,0,0,0,0.01,0.05,0,1.63,0,0.39,0.62,0.13,0,0.01,0.01,0,0,0,0.11,1.29,0,0,0.95,0.13,0,0,0,0,0,0,0,0,0,0,0,1.53,0,1,0.08,0,0.06,0.39,0.49,0.02,0,0,0,0,0.38,0.51,0,0,0,0.08,1.48,0.06,0,0.62,0.01,0,0,0,0.13,0.38,0.51
9.96,6.47,4.22,4.98,5.37,3.69,5.8,1.49,3.69,3.07,9.71,6.43,7.86,6.14,8.25,3.31,6.81,8.33,9.74,7.86,4.12,3.5,3.55,4.94,5.37,7.66,6.33,3.55,4.12,5.94,9.59,6.38,6.14,9.4,2.88,4.17,6.47,10.91,5.03,1.87,2.78,9.84,8.56,5.47,5.8,3.12,6.52,4.03,3.69,5.75,5.51,5.85,5.51,10.3,6.38,3.4,8.44,6.09,4.41,5.66,6.57,13.57,4.99,8.2,4.7,6.71,1.25,4.17,7.91,10.61,5.42,4.07,4.31,5.22,1.53,6.95,3.4,2.68,9.93,4.65,4.92,5.27,3.21,8.06,9.45,4.27,10.31,4.07,2.44,5.13,5.13,9.4,8.53,8.44,6.23,5.22,3.55,7.05,3.07,6.95,3.36,3.02,5.05,4.22,4.94,5.66,6.28,6.23,11.08,5.85,5.61,12.82,5.51,9.88,5.18,8.44,5.94,4.41,8.58,8.34,4.79,6.66,9.45,5.42,6.86,4.07,7.53,6.66,3.84,2.49,3.64,8.15,10.31,11.17,7.91,5.61,7,5.27,4.6,2.4,5.56,5.27,3.02,6.09,7.14,2.92,5.13,4.84,7.43,8.49,5.27,10.6,10.6,3.16,7.82,11.94,5.66,5.23,6.57,2.59,2.35,6.23,5.5,4.22,7.67,6.45,3.92,6.66,8.3,1.92,5.03,6.35,6.04,4.56,4.55,5.85,5.9,5.51,3.64,1.82,2.92,9.26,9.01,4.65,3.69,1.53,3.55,6.52,9.96,5.7,7.38,5.8,7.05,4.55,4.41,6.04,6.96,3.4,1.63,3.07,7.38,4.89,4.35,7.74,7.67,6.81,6.57,5.9,5.8,8.1,5.71,2.97,3.64,7.58,5.94,2.44,4.84,5.99,4.07,3.02,5.42,4.08,5.75,6.14,3.12,9.54,9.83,5.13,9.3,13.71,8.16,5.13,4.27,6.23,6.23,2.25,2.83,8.15,4.94,4.17,6.81,7.19,8.01,10.69,5.61,5.18,8.68,7.62,5.85,6.86,6.86,7.6,7.36,6.28,3.6,4.27,8.97,7.5,4.08,6.23,5.51,7.35,7.91,4.1,3.21,6.04,4.41,7.72,4.12,5.13,8.49,6.62,11.08,14.86,7.14,5.85,8.41,3.16,9.78,5.61,2.16,6.38,10.07,10.47,1.29,7.1,5.66,2.73,2.55,5.99,9.88,4.12,3.4,5.37,5.51,9.35,5.27,3.55,5.18,7.14,3.31,7.96,4.79,6.18,3.55,2.16,3.9,5.66,2.67,4.94,6.9,3.74,9.11,14.15,4.79,2.83,5.15,2.83,4.12,3.85,5.8,8.06,5.42,9.54,9.96,5.56,7.82,11.94,5.42,5.23,6.47,6.62,10.36,9.4,2.68,2.54,5.99,5.5,4.6,7.67,5.65,3.82,6.09,7.43,2.69,5.03,4.15,6.57,4.46,4.87,6.1,5.51,3.26,1.68,2.78,9.94,3.4,1.29,3.55,5.75,9.96,6.18,6.04,6.23,5.23,5.8,6.96,2.64,1.63,3.83,4.51,7.24,7.72,1.92,2.83,5.75,4.03,9.16,4.55,6.33,6.33,3.16,4.94,3.26,5.61,5.95,6.71,8.06,6.85,5.23,3.07,4.17,7.3,6.1,4.03,5.37,7.75,10.79,3.12,4.4,4.12,5.13,11.08,5.85,2.78,2.25,6.33,11.27,1.29,7.24,4.51,3.4,2.73,4.43,10.61,5.66,4.07,4.31,4.79,4.07,5.27,1.58,6.57,3.64,2.68,9.83,4.65,5.13,5.66,9.49,5.85,5.04,3.31,8.56,9.59,5.75,3.4,4.89,2.77,5.18,3.64,4.41,3.16,7.1,7.91,7.1,2.88,4.12,7.72,9.59,7.39,7.62,9.25,3.5,3.93
