WaubesaBeach1,WaubesaBeach1,WaubesaBeach1,WaubesaBeach1,WaubesaBeach1,WaubesaBeach1,WaubesaBeach1,WaubesaBeach1,WaubesaBeach1,WaubesaBeach1,WaubesaBeach1,WaubesaPier2,WaubesaPier2,WaubesaPier2,WaubesaPier2,WaubesaPier2,WaubesaPier2,WaubesaPier2,WaubesaPier2,WaubesaPier2,WaubesaPier2,WaubesaPier2,WaubesaPier3,WaubesaPier3,WaubesaPier3,WaubesaPier3,WaubesaPier3,WaubesaPier3,WaubesaPier3,WaubesaPier3,WaubesaPier3,WaubesaPier3,WaubesaPier3,WaubesaPier4,WaubesaPier4,WaubesaPier4,WaubesaPier4,WaubesaPier4,WaubesaPier4,WaubesaPier4,WaubesaPier4,WaubesaPier4,WaubesaPier4,WaubesaPier4,WaubesaPier4,WaubesaPier5,WaubesaPier5,WaubesaPier5,WaubesaPier5,WaubesaPier5,WaubesaPier5,WaubesaPier5,WaubesaPier5,WaubesaPier5,WaubesaPier5,WaubesaPier5,WaubesaPier5,WaubesaPier5,WaubesaPier5,WaubesaPier5,WaubesaPier5,WaubesaPier5,WaubesaPier5,WaubesaPier5,WaubesaPier5,WaubesaPier5,WaubesaPier5,WaubesaPier5,WaubesaPier5,WaubesaPier5,WaubesaPier5,WaubesaPier5,WaubesaPier5,WaubesaPier5,WaubesaPier5,WaubesaPier5,WaubesaPier5,WaubesaPier5,WaubesaPier5,WaubesaPier5,WaubesaPier5,WaubesaPier5,WaubesaPier5,WaubesaPier5,WaubesaPier5,WaubesaPier5,WaubesaPier5,WaubesaPier5,WaubesaPier5,WaubesaPier5,WaubesaPier5,WaubesaPier5,WaubesaPier5,WaubesaPier5,WaubesaPier5,WaubesaPier5,WaubesaPier5,WaubesaPier5,WaubesaPier5,WaubesaPier5,WaubesaPier5,WaubesaPier5,WaubesaPier5,WaubesaPier5,WaubesaPier5,WaubesaPier5,WaubesaPier5,WaubesaPier5,WaubesaPier5,WaubesaPier5,WaubesaPier5,WaubesaPier5,WaubesaPier5,WaubesaPier5,WaubesaPier5,WaubesaPier5,WaubesaPier5,WaubesaPier5,WaubesaPier5,WaubesaPier5,WaubesaPier5,WaubesaPier5,WaubesaPier5,WaubesaPier5,WaubesaPier5,WaubesaPier5,WaubesaPier5,WaubesaPier5,WaubesaPier6,WaubesaPier6,WaubesaPier6,WaubesaPier6,WaubesaPier6,WaubesaPier6,WaubesaPier6,WaubesaPier6,WaubesaPier6,WaubesaPier6,WaubesaPier6,WaubesaPier6,WaubesaPier6,WaubesaPier6,WaubesaPier6,WaubesaPier6,WaubesaPier6,WaubesaPier6,WaubesaPier6,WaubesaPier6,WaubesaPier6,WaubesaPier6,WaubesaPier6,WaubesaPier6,WaubesaPier6,WaubesaPier6,WaubesaPier6,WaubesaPier6,WaubesaPier6,WaubesaPier6,WaubesaPier6,WaubesaPier6,WaubesaPier6,WaubesaPier6,WaubesaPier6,WaubesaPier6,WaubesaPier6,WaubesaPier6,WaubesaPier6,WaubesaPier6,WaubesaPier6,WaubesaPier6,WaubesaPier6,WaubesaPier6,WaubesaPier6,WaubesaPier6,WaubesaPier6,WaubesaPier6,WaubesaPier6,WaubesaPier6,WaubesaPier6,WaubesaPier6,WaubesaPier6,WaubesaPier6,WaubesaPier6,WaubesaPier6,WaubesaPier6,WaubesaPier6,WaubesaPier6,WaubesaPier6,WaubesaPier6,WaubesaPier7,WaubesaPier7,WaubesaPier7,WaubesaPier7,WaubesaPier7,WaubesaPier7,WaubesaPier7,WaubesaPier7,WaubesaPier7,WaubesaPier7,WaubesaPier7,WaubesaPier7,WaubesaPier7,WaubesaPier8,WaubesaPier8,WaubesaBeach1,WaubesaBeach1,WaubesaBeach1,WaubesaBeach1,WaubesaBeach1,WaubesaBeach1,WaubesaBeach1,WaubesaBeach1,WaubesaBeach1,WaubesaBeach1,WaubesaBeach1,WaubesaBeach1,WaubesaPark9,WaubesaPark9,WaubesaPark9,WaubesaPark9,WaubesaPark9,WaubesaPark9,WaubesaPark9,WaubesaPark9,WaubesaPark9,WaubesaPark9,WaubesaPark9,WaubesaPark9,WaubesaPark9,WaubesaPier2,WaubesaPier2,WaubesaPier2,WaubesaPier2,WaubesaPier2,WaubesaPier2,WaubesaPier2,WaubesaPier2,WaubesaPier2,WaubesaPier2,WaubesaPier2,WaubesaPier2,WaubesaPier4,WaubesaPier4,WaubesaPier4,WaubesaPier4,WaubesaPier4,WaubesaPier4,WaubesaPier4,WaubesaPier4,WaubesaPier4,WaubesaPier4,WaubesaPier4,WaubesaPier4,WaubesaPier4,WaubesaPier4,WaubesaPier5,WaubesaPier5,WaubesaPier5,WaubesaPier5,WaubesaPier5,WaubesaPier5,WaubesaPier5,WaubesaPier5,WaubesaPier5,WaubesaPier5,WaubesaPier5,WaubesaPier5,WaubesaPier5,WaubesaPier5,WaubesaPier5,WaubesaPier5,WaubesaPier5,WaubesaPier5,WaubesaPier5,WaubesaPier5,WaubesaPier5,WaubesaPier5,WaubesaPier5,WaubesaPier5,WaubesaPier5,WaubesaPier5,WaubesaPier5,WaubesaPier5,WaubesaPier5,WaubesaPier5,WaubesaPier5,WaubesaPier5,WaubesaPier5,WaubesaPier5,WaubesaPier5,WaubesaPier5,WaubesaPier5,WaubesaPier5,WaubesaPier5,WaubesaPier5,WaubesaPier5,WaubesaPier5,WaubesaPier5,WaubesaPier5,WaubesaPier5,WaubesaPier5,WaubesaPier5,WaubesaPier5,WaubesaPier5,WaubesaPier5,WaubesaPier5,WaubesaPier5,WaubesaPier5,WaubesaPier5,WaubesaPier5,WaubesaPier5,WaubesaPier5,WaubesaPier5,WaubesaPier5,WaubesaPier5,WaubesaPier5,WaubesaPier5,WaubesaPier5,WaubesaPier5,WaubesaPier5,WaubesaPier5,WaubesaPier5,WaubesaPier5,WaubesaPier5,WaubesaPier5,WaubesaPier5,WaubesaPier5,WaubesaPier5,WaubesaPier5,WaubesaPier5,WaubesaPier5,WaubesaPier5,WaubesaPier5,WaubesaPier5,WaubesaPier5,WaubesaPier5,WaubesaPier5,WaubesaPier5,WaubesaPier5,WaubesaPier6,WaubesaPier6,WaubesaPier6,WaubesaPier6,WaubesaPier6,WaubesaPier6,WaubesaPier6,WaubesaPier6,WaubesaPier6,WaubesaPier6,WaubesaPier6,WaubesaPier6,WaubesaPier6,WaubesaPier6,WaubesaPier6,WaubesaPier6,WaubesaPier6,WaubesaPier6,WaubesaPier6,WaubesaPier6,WaubesaPier6,WaubesaPier6,WaubesaPier6,WaubesaPier6,WaubesaPier6,WaubesaPier6,WaubesaPier6,WaubesaPier6,WaubesaPier6,WaubesaPier6,WaubesaPier6,WaubesaPier6,WaubesaPier7,WaubesaPier7,WaubesaPier7,WaubesaPier7,WaubesaPier7,WaubesaPier7,WaubesaPier7,WaubesaPier7,WaubesaPier7,WaubesaPier7,WaubesaPier7,WaubesaPier7,WaubesaPier7,WaubesaPier8,WaubesaPier8,WaubesaPier8,WaubesaPier8,WaubesaPier8,WaubesaPier8,WaubesaPier8,WaubesaPier8,WaubesaPier8,WaubesaPier8,WaubesaPier8,WaubesaPier8,WaubesaPier8,WaubesaBeach1,WaubesaBeach1,WaubesaBeach1,WaubesaBeach1,WaubesaBeach1,WaubesaBeach1,WaubesaBeach1,WaubesaBeach1,WaubesaBeach1,WaubesaBeach1,WaubesaBeach1,WaubesaPark9,WaubesaPark9,WaubesaPark9,WaubesaPark9,WaubesaPark9,WaubesaPark9,WaubesaPark9,WaubesaPark9,WaubesaPark9,WaubesaPark9,WaubesaPier4,WaubesaPier4,WaubesaPier4,WaubesaPier4,WaubesaPier4,WaubesaPier4,WaubesaPier4,WaubesaPier4,WaubesaPier4,WaubesaPier4,WaubesaPier4,WaubesaPier4,WaubesaPier4,WaubesaPier4,WaubesaPier4,WaubesaPier4,WaubesaPier4,WaubesaPier4,WaubesaPier4,WaubesaPier4,WaubesaPier4,WaubesaPier5,WaubesaPier5,WaubesaPier5,WaubesaPier5,WaubesaPier5,WaubesaPier5,WaubesaPier5,WaubesaPier5,WaubesaPier5,WaubesaPier5,WaubesaPier5,WaubesaPier5,WaubesaPier5,WaubesaPier5,WaubesaPier5,WaubesaPier5,WaubesaPier5,WaubesaPier5,WaubesaPier5,WaubesaPier5,WaubesaPier5,WaubesaPier5,WaubesaPier5,WaubesaPier5,WaubesaPier5,WaubesaPier5,WaubesaPier5,WaubesaPier5,WaubesaPier5,WaubesaPier5,WaubesaPier5,WaubesaPier5,WaubesaPier5,WaubesaPier5,WaubesaPier5,WaubesaPier5,WaubesaPier5,WaubesaPier5,WaubesaPier5,WaubesaPier5,WaubesaPier5,WaubesaPier5,WaubesaPier5,WaubesaPier5,WaubesaPier5,WaubesaPier5,WaubesaPier5,WaubesaPier5,WaubesaPier5,WaubesaPier5,WaubesaPier5,WaubesaPier5,WaubesaPier5,WaubesaPier5,WaubesaPier5,WaubesaPier5,WaubesaPier5,WaubesaPier5,WaubesaPier5,WaubesaPier5,WaubesaPier5,WaubesaPier5,WaubesaPier5,WaubesaPier5,WaubesaPier5,WaubesaPier5,WaubesaPier5,WaubesaPier5,WaubesaPier5,WaubesaPier5,WaubesaPier5,WaubesaPier5,WaubesaPier6,WaubesaPier6,WaubesaPier6,WaubesaPier6,WaubesaPier6,WaubesaPier6,WaubesaPier6,WaubesaPier6,WaubesaPier6,WaubesaPier6,WaubesaPier6,WaubesaPier6,WaubesaPier6,WaubesaPier6,WaubesaPier6,WaubesaPier6,WaubesaPier6,WaubesaPier6,WaubesaPier6,WaubesaPier6,WaubesaPier6,WaubesaPier6,WaubesaPier6,WaubesaPier6,WaubesaPier6,WaubesaPier7,WaubesaPier7,WaubesaPier7,WaubesaPier7,WaubesaPier7,WaubesaPier7,WaubesaPier7,WaubesaPier7,WaubesaPier7,WaubesaPier7,WaubesaPier7,WaubesaPier7,WaubesaPier7,WaubesaPier7,WaubesaPier8,WaubesaPier8,WaubesaPier8,WaubesaPier8,WaubesaPier8,WaubesaPier8,WaubesaPier8,WaubesaPier8,WaubesaPier8,WaubesaPier8,WaubesaPier8,WaubesaPier8,WaubesaPier8,WaubesaPier8
6/4/15 9:25:00,6/10/15 9:33:00,6/18/15 9:28:00,6/25/15 9:23:00,7/2/15 9:15:00,7/9/15 10:05:00,7/16/15 9:19:00,7/23/15 9:20:00,8/6/15 9:20:00,8/13/15 10:50:00,8/20/15 9:14:00,6/10/15 10:00:00,6/12/15 10:00:00,6/25/15 11:34:00,7/4/15 12:00:00,7/5/15 9:15:00,7/6/15 8:00:00,7/7/15 8:30:00,7/8/15 8:30:00,7/16/15 10:00:00,8/5/15 10:00:00,8/28/15 11:00:00,6/4/15 6:50:00,6/11/15 7:23:00,6/18/15 7:26:00,6/25/15 6:28:00,7/2/15 8:19:00,7/10/15 8:15:00,7/30/15 7:10:00,8/6/15 7:08:00,8/13/15 7:30:00,8/20/15 7:05:00,8/27/15 7:00:00,6/1/15 9:20:00,6/13/15 14:26:00,6/22/15 8:30:00,7/2/15 8:57:00,7/9/15 13:15:00,7/17/15 9:25:00,7/24/15 9:45:00,7/30/15 9:40:00,8/9/15 9:00:00,8/13/15 9:50:00,8/21/15 9:00:00,8/27/15 9:30:00,6/6/15 12:00:00,6/7/15 14:55:00,6/8/15 14:34:00,6/9/15 9:12:00,6/10/15 16:30:00,6/14/15 11:01:00,6/15/15 9:27:00,6/16/15 10:56:00,6/17/15 11:48:00,6/18/15 9:24:00,6/19/15 9:14:00,6/20/15 13:43:00,6/21/15 9:09:00,6/22/15 13:21:00,6/23/15 14:32:00,6/24/15 14:09:00,6/25/15 10:03:00,6/26/15 16:07:00,6/27/15 17:47:00,6/28/15 10:53:00,6/29/15 10:22:00,6/30/15 13:06:00,7/1/15 13:55:00,7/2/15 10:01:00,7/3/15 9:36:00,7/4/15 11:00:00,7/5/15 10:22:00,7/6/15 14:58:00,7/7/15 10:09:00,7/8/15 11:14:00,7/9/15 10:31:00,7/10/15 9:55:00,7/11/15 9:59:00,7/12/15 9:29:00,7/13/15 12:39:00,7/14/15 9:44:00,7/15/15 9:49:00,7/16/15 9:16:00,7/17/15 9:06:00,7/18/15 8:21:00,7/19/15 9:31:00,7/20/15 13:08:00,7/21/15 14:29:00,7/22/15 10:17:00,7/23/15 13:12:00,7/24/15 9:20:00,7/25/15 12:38:00,7/26/15 9:29:00,7/27/15 10:42:00,7/28/15 8:45:00,7/29/15 9:45:00,7/30/15 11:16:00,7/31/15 15:39:00,8/1/15 12:17:00,8/2/15 10:47:00,8/3/15 10:46:00,8/4/15 9:25:00,8/5/15 10:33:00,8/6/15 8:14:00,8/7/15 9:16:00,8/8/15 10:22:00,8/9/15 14:22:00,8/10/15 16:05:00,8/11/15 11:43:00,8/12/15 11:52:00,8/13/15 9:20:00,8/14/15 11:10:00,8/15/15 11:48:00,8/16/15 9:10:00,8/17/15 16:19:00,8/18/15 9:32:00,8/19/15 15:07:00,8/20/15 8:57:00,8/21/15 12:22:00,8/22/15 9:47:00,8/23/15 10:07:00,8/24/15 16:12:00,8/26/15 12:44:00,8/27/15 11:37:00,8/28/15 8:49:00,8/29/15 10:27:00,8/30/15 10:02:00,8/31/15 8:44:00,6/1/15 10:04:00,6/2/15 9:04:00,6/3/15 11:09:00,6/4/15 9:11:00,6/5/15 10:56:00,6/6/15 11:11:00,6/7/15 13:11:00,6/8/15 12:32:00,6/9/15 9:11:00,6/10/15 11:51:00,6/11/15 14:01:00,6/12/15 15:20:00,6/13/15 10:32:00,6/14/15 10:20:00,6/15/15 8:12:00,6/16/15 12:30:00,6/17/15 15:54:00,6/18/15 12:54:00,6/19/15 11:00:00,6/20/15 9:06:00,6/21/15 8:36:00,6/22/15 7:45:00,6/23/15 20:57:00,6/24/15 10:33:00,6/25/15 10:27:00,6/26/15 8:22:00,6/27/15 10:11:00,6/28/15 13:25:00,6/29/15 10:00:00,7/1/15 12:16:00,7/2/15 10:35:00,7/3/15 10:26:00,7/4/15 9:48:00,7/5/15 9:23:00,7/6/15 9:55:00,7/9/15 16:44:00,7/10/15 15:19:00,7/11/15 9:11:00,7/12/15 12:09:00,7/13/15 12:36:00,7/14/15 13:10:00,7/16/15 10:19:00,7/17/15 13:59:00,7/18/15 16:28:00,7/20/15 10:11:00,7/21/15 14:58:00,7/22/15 14:39:00,7/23/15 15:10:00,7/24/15 11:15:00,7/26/15 18:04:00,8/1/15 9:26:00,8/2/15 17:04:00,8/5/15 13:41:00,8/9/15 11:53:00,8/11/15 12:14:00,8/15/15 10:00:00,8/19/15 12:04:00,8/26/15 15:59:00,8/28/15 11:31:00,8/29/15 18:57:00,8/31/15 11:22:00,6/4/15 6:49:00,6/11/15 6:47:00,6/18/15 7:04:00,6/25/15 6:44:00,7/2/15 6:55:00,7/9/15 7:32:00,7/16/15 6:44:00,7/23/15 6:48:00,7/31/15 14:51:00,8/6/15 10:22:00,8/13/15 7:01:00,8/20/15 8:50:00,8/27/15 17:25:00,8/6/15 10:20:00,8/27/15 15:30:00,6/23/16 10:13:00,7/14/16 15:24:00,7/1/16 16:29:00,8/18/16 18:53:00,8/25/16 15:30:00,6/16/16 12:55:00,8/12/16 12:41:00,8/4/16 17:51:00,7/29/16 15:44:00,7/7/16 16:54:00,6/9/16 17:21:00,7/22/16 14:59:00,8/11/16 12:45:00,7/28/16 10:20:00,8/25/16 10:55:00,8/18/16 11:00:00,8/4/16 10:40:00,7/21/16 10:40:00,7/14/16 9:30:00,7/7/16 10:40:00,6/30/16 10:35:00,6/23/16 10:00:00,6/16/16 11:15:00,6/2/16 10:00:00,6/8/16 10:09:00,8/11/16 9:00:00,8/1/16 11:00:00,7/22/16 11:00:00,7/18/16 11:00:00,7/14/16 11:00:00,7/8/16 11:00:00,6/22/16 13:23:00,7/28/16 11:00:00,6/30/16 11:30:00,8/19/16 9:45:00,7/4/16 11:00:00,8/25/16 9:45:00,6/17/16 9:50:00,6/2/16 10:05:00,8/19/16 16:45:00,6/9/16 14:10:00,6/23/16 8:40:00,7/18/16 9:45:00,8/25/16 9:05:00,8/11/16 9:00:00,8/8/16 8:30:00,7/29/16 8:35:00,7/25/16 9:05:00,7/21/16 21:25:00,7/11/16 9:15:00,7/14/16 10:05:00,7/25/16 8:59:00,8/24/16 11:40:00,8/27/16 10:08:00,8/25/16 7:51:00,8/29/16 9:02:00,8/18/16 7:50:00,8/30/16 7:40:00,8/31/16 13:41:00,8/17/16 9:53:00,8/21/16 10:37:00,8/26/16 8:11:00,8/12/16 9:48:00,8/28/16 19:21:00,8/23/16 9:42:00,8/22/16 8:57:00,8/20/16 14:55:00,8/11/16 7:59:00,8/16/16 20:00:00,8/14/16 11:24:00,8/15/16 8:09:00,8/9/16 8:11:00,8/13/16 8:44:00,8/5/16 8:12:00,8/2/16 8:55:00,8/10/16 7:52:00,8/8/16 8:45:00,8/6/16 10:34:00,8/7/16 9:51:00,8/4/16 8:07:00,8/1/16 9:11:00,7/31/16 10:21:00,7/29/16 10:01:00,7/27/16 8:24:00,7/28/16 8:46:00,7/26/16 11:16:00,7/15/16 13:42:00,7/21/16 7:33:00,7/19/16 8:28:00,7/22/16 8:56:00,7/20/16 12:35:00,7/23/16 9:25:00,7/24/16 9:41:00,7/18/16 9:24:00,7/17/16 11:18:00,7/16/16 9:09:00,7/3/16 10:10:00,7/14/16 11:03:00,7/11/16 9:17:00,7/13/16 10:25:00,7/12/16 9:00:00,7/10/16 15:50:00,7/9/16 10:41:00,7/7/16 10:10:00,7/5/16 7:51:00,7/8/16 8:31:00,7/6/16 10:18:00,7/4/16 9:19:00,7/1/16 18:27:00,7/2/16 9:45:00,6/25/16 8:34:00,6/24/16 8:46:00,6/23/16 8:34:00,6/22/16 8:44:00,6/21/16 7:17:00,6/19/16 10:22:00,6/20/16 11:34:00,6/18/16 8:54:00,6/14/16 12:32:00,6/17/16 10:29:00,6/16/16 10:13:00,6/15/16 13:01:00,6/13/16 13:12:00,6/8/16 9:06:00,6/12/16 9:25:00,6/10/16 9:29:00,6/11/16 9:53:00,6/9/16 10:15:00,6/7/16 8:13:00,6/6/16 15:40:00,6/4/16 11:13:00,6/5/16 10:22:00,6/3/16 12:47:00,6/2/16 9:19:00,6/1/16 10:51:00,6/26/16 10:35:00,6/14/16 11:07:00,6/25/16 9:53:00,7/7/16 10:20:00,7/8/16 8:29:00,6/18/16 12:29:00,6/8/16 9:43:00,6/15/16 10:34:00,6/21/16 9:10:00,6/30/16 8:02:00,7/23/16 10:02:00,7/24/16 10:51:00,6/19/16 9:48:00,6/17/16 15:57:00,6/22/16 13:40:00,6/24/16 9:48:00,7/2/16 8:20:00,8/30/16 11:27:00,8/28/16 14:24:00,7/31/16 9:42:00,8/1/16 10:20:00,7/21/16 17:40:00,7/20/16 11:02:00,7/14/16 10:46:00,7/19/16 10:46:00,7/11/16 9:31:00,6/9/16 15:56:00,6/3/16 8:51:00,7/16/16 10:45:00,6/21/16 18:37:00,6/16/16 8:46:00,6/2/16 8:54:00,8/25/16 6:51:00,8/10/16 19:21:00,8/18/16 8:01:00,8/7/16 14:37:00,7/28/16 7:25:00,7/21/16 10:29:00,7/15/16 13:00:00,7/7/16 6:44:00,6/30/16 20:36:00,6/20/16 17:43:00,6/23/16 6:58:00,6/9/16 14:41:00,6/2/16 7:36:00,6/16/16 13:43:00,7/7/16 10:53:00,6/23/16 17:26:00,8/25/16 18:37:00,8/18/16 19:40:00,7/28/16 15:52:00,8/11/16 11:11:00,8/4/16 15:35:00,7/21/16 10:06:00,7/14/16 19:24:00,6/30/16 7:30:00,6/9/16 19:35:00,6/3/16 6:34:00,6/1/17 13:33:00,6/9/17 8:45:00,6/15/17 13:18:00,6/22/17 12:35:00,7/6/17 12:32:00,7/20/17 11:20:00,7/27/17 11:48:00,8/2/17 18:08:00,8/9/17 9:25:00,8/20/17 12:19:00,8/25/17 9:01:00,6/1/17 11:20:00,6/8/17 9:25:00,6/15/17 8:45:00,6/23/17 11:45:00,6/29/17 11:55:00,7/13/17 11:45:00,7/20/17 11:50:00,8/17/17 12:55:00,8/24/17 13:15:00,8/31/17 12:30:00,6/1/17 8:45:00,6/7/17 9:10:00,6/9/17 11:07:00,6/14/17 9:20:00,6/16/17 9:35:00,6/20/17 9:00:00,6/22/17 19:01:00,6/26/17 9:25:00,7/6/17 9:00:00,7/11/17 9:16:00,7/13/17 9:04:00,7/20/17 9:05:00,7/22/17 9:30:00,7/27/17 9:15:00,7/29/17 9:25:00,8/5/17 9:06:00,8/8/17 9:12:00,8/13/17 9:11:00,8/16/17 9:00:00,8/19/17 8:55:00,8/24/17 9:05:00,6/1/17 8:37:00,6/2/17 9:14:00,6/3/17 10:50:00,6/4/17 10:49:00,6/5/17 13:59:00,6/7/17 8:28:00,6/8/17 13:24:00,6/9/17 15:07:00,6/10/17 8:45:00,6/11/17 18:24:00,6/12/17 8:21:00,6/13/17 12:14:00,6/14/17 8:42:00,6/15/17 10:08:00,6/16/17 11:02:00,6/17/17 9:23:00,6/18/17 12:27:00,6/19/17 12:55:00,6/20/17 13:20:00,6/21/17 14:58:00,6/27/17 8:41:00,6/28/17 15:31:00,6/29/17 9:00:00,6/30/17 10:22:00,7/1/17 9:54:00,7/2/17 9:46:00,7/3/17 11:59:00,7/4/17 8:20:00,7/5/17 9:10:00,7/6/17 11:42:00,7/7/17 9:58:00,7/8/17 13:10:00,7/10/17 9:51:00,7/11/17 8:28:00,7/12/17 13:24:00,7/13/17 17:21:00,7/15/17 10:21:00,7/16/17 12:21:00,7/17/17 12:34:00,7/18/17 9:35:00,7/19/17 11:47:00,7/20/17 10:42:00,7/21/17 9:45:00,7/22/17 9:22:00,7/23/17 9:29:00,7/24/17 14:10:00,7/25/17 13:05:00,7/26/17 9:07:00,7/27/17 11:48:00,7/28/17 10:31:00,7/29/17 9:42:00,7/30/17 9:32:00,7/31/17 11:04:00,8/1/17 14:56:00,8/2/17 9:32:00,8/3/17 8:59:00,8/10/17 12:23:00,8/12/17 10:42:00,8/13/17 11:03:00,8/14/17 12:27:00,8/15/17 13:16:00,8/16/17 9:23:00,8/17/17 10:15:00,8/18/17 14:02:00,8/19/17 10:23:00,8/22/17 14:07:00,8/23/17 13:58:00,8/24/17 9:31:00,8/25/17 10:34:00,8/27/17 13:53:00,8/29/17 8:02:00,8/31/17 9:11:00,6/1/17 12:26:00,6/3/17 10:09:00,6/4/17 10:43:00,6/7/17 9:10:00,6/12/17 8:23:00,6/16/17 10:38:00,6/19/17 11:19:00,6/21/17 16:01:00,6/22/17 8:42:00,6/25/17 13:30:00,6/27/17 13:26:00,6/29/17 17:16:00,6/30/17 10:04:00,7/1/17 11:02:00,7/5/17 11:13:00,7/6/17 13:52:00,7/9/17 19:08:00,7/10/17 9:13:00,7/11/17 9:38:00,7/21/17 13:41:00,7/24/17 20:23:00,7/26/17 15:51:00,8/1/17 20:09:00,8/2/17 15:12:00,8/14/17 9:33:00,6/7/17 18:00:00,6/13/17 20:40:00,6/15/17 7:13:00,6/22/17 6:44:00,6/29/17 8:44:00,7/6/17 19:21:00,7/13/17 6:42:00,7/20/17 19:00:00,7/27/17 6:44:00,8/3/17 11:34:00,8/10/17 6:52:00,8/17/17 7:23:00,8/24/17 9:51:00,8/31/17 9:28:00,6/2/17 9:54:00,6/8/17 12:33:00,6/15/17 9:04:00,6/22/17 8:32:00,6/29/17 9:31:00,7/13/17 12:11:00,7/20/17 9:00:00,7/27/17 8:30:00,8/10/17 13:24:00,8/20/17 14:05:00,8/21/17 10:35:00,8/27/17 11:53:00,8/28/17 12:37:00,8/31/17 8:28:00
2,2,2,2,3,2,1,2,2,2,1,1,1,2,1,2,2,1,1,2,2,1,2,2,2,3,2,2,1,2,3,2,2,1,1,1,1,1,1,1,1,1,1,1,1,2,1,1,2,2,1,1,1,1,1,1,1,2,1,1,3,1,1,1,1,1,1,1,1,1,1,1,1,1,1,2,2,1,1,1,1,1,1,1,1,1,1,1,2,1,1,1,1,1,2,1,1,1,1,1,1,1,2,1,1,1,1,1,1,1,1,1,1,1,1,1,1,1,1,2,1,1,1,1,1,1,1,1,1,1,1,1,1,1,1,1,1,1,1,1,1,1,1,2,2,1,1,1,2,1,1,3,1,1,1,1,1,1,1,1,1,1,1,1,1,1,1,1,1,1,1,1,1,1,1,1,1,1,1,1,1,1,1,1,1,1,1,1,1,1,1,1,2,1,2,1,1,1,1,1,1,1,2,1,1,1,1,1,1,1,1,1,1,1,1,1,1,2,2,2,1,2,2,3,2,2,2,2,1,1,1,1,1,1,1,2,1,2,1,2,1,3,1,1,2,2,1,1,1,1,1,1,1,1,1,1,1,1,1,2,1,1,1,1,1,1,1,1,1,1,1,1,1,1,1,1,1,1,1,1,1,1,1,1,1,1,1,1,1,1,1,1,1,1,1,2,1,1,1,1,1,1,1,1,1,1,1,1,1,1,1,1,1,1,1,1,1,2,2,1,1,2,1,1,1,1,1,1,1,1,1,1,1,1,1,1,1,1,1,1,1,1,1,1,3,1,1,2,2,1,1,1,3,3,1,1,1,1,1,1,1,1,1,1,1,1,1,1,1,1,1,1,1,1,1,1,1,1,1,1,1,2,1,1,1,1,2,1,1,1,1,1,1,1,1,1,1,1,1,2,1,2,2,1,2,1,1,1,1,3,2,2,1,1,1,1,1,2,1,1,1,2,1,1,1,1,1,1,1,1,1,1,1,1,1,1,1,1,1,1,2,2,1,1,2,1,1,1,1,1,2,2,1,1,2,1,1,1,1,2,1,1,2,1,1,1,1,2,1,1,1,1,1,1,1,1,1,1,1,1,1,1,1,1,1,1,1,1,1,2,2,1,1,2,1,1,1,2,1,1,1,1,1,2,1,1,1,1,1,1,1,2,1,1,1,1,1,1,1,1,1,1,1,1,1,1,1,2,1,1,1,1,1,1,1,1,2,1,1,1,1,1,1,1,1,1,1,1,1,1,2,1,2,1,1,1,1,1,1,1,2,1,2,1
2,2,2,1,1,1,0,1,1,1,0,0,0,2,0,2,2,0,0,2,2,0,2,2,1,1,2,2,0,2,2,2,2,0,0,0,0,0,0,0,0,0,0,0,0,2,0,0,2,2,0,0,0,0,0,0,0,2,0,0,1,0,0,0,0,0,0,0,0,0,0,0,0,0,0,2,2,0,0,0,0,0,0,0,0,0,0,0,2,0,0,0,0,0,2,0,0,0,0,0,0,0,2,0,0,0,0,0,0,0,0,0,0,0,0,0,0,0,0,2,0,0,0,0,0,0,0,0,0,0,0,0,0,0,0,0,0,0,0,0,0,0,0,2,1,0,0,0,1,0,0,1,0,0,0,0,0,0,0,0,0,0,0,0,0,0,0,0,0,0,0,0,0,0,0,0,0,0,0,0,0,0,0,0,0,0,0,0,0,0,0,0,1,0,1,0,0,0,0,0,0,0,2,0,0,0,0,0,0,0,0,0,0,0,0,0,0,2,2,2,0,2,2,1,1,2,2,2,0,0,0,0,0,0,0,2,0,1,0,2,0,2,0,0,2,2,0,0,0,0,0,0,0,0,0,0,0,0,0,1,0,0,0,0,0,0,0,0,0,0,0,0,0,0,0,0,0,0,0,0,0,0,0,0,0,0,0,0,0,0,0,0,0,0,0,1,0,0,0,0,0,0,0,0,0,0,0,0,0,0,0,0,0,0,0,0,0,2,2,0,0,1,0,0,0,0,0,0,0,0,0,0,0,0,0,0,0,0,0,0,0,0,0,0,1,0,0,2,1,0,0,0,2,1,0,0,0,0,0,0,0,0,0,0,0,0,0,0,0,0,0,0,0,0,0,0,0,0,0,0,0,2,0,0,0,0,0,0,0,0,0,0,0,0,0,0,0,0,0,2,0,2,2,0,2,0,0,0,0,2,2,2,0,0,0,0,0,1,0,0,0,1,0,0,0,0,0,0,0,0,0,0,0,0,0,0,0,0,0,0,2,2,0,0,2,0,0,0,0,0,2,2,0,0,2,0,0,0,0,2,0,0,2,0,0,0,0,2,0,0,0,0,0,0,0,0,0,0,0,0,0,0,0,0,0,0,0,0,0,2,2,0,0,2,0,0,0,2,0,0,0,0,0,2,0,0,0,0,0,0,0,2,0,0,0,0,0,0,0,0,0,0,0,0,0,0,0,2,0,0,0,0,0,0,0,0,2,0,0,0,0,0,0,0,0,0,0,0,0,0,2,0,2,0,0,0,0,0,0,0,2,0,1,0
1,1,1,1,1,1,1,1,1,1,1,1,1,1,1,1,1,1,1,1,1,1,1,1,1,1,1,1,1,1,1,1,1,1,1,1,1,1,1,1,1,1,1,1,1,1,1,1,1,1,1,1,1,1,1,1,1,1,1,1,1,1,1,1,1,1,1,1,1,1,1,1,1,1,1,1,1,1,1,1,1,1,1,1,1,1,1,1,1,1,1,1,1,1,1,1,1,1,1,1,1,1,1,1,1,1,1,1,1,1,1,1,1,1,1,1,1,1,1,1,1,1,1,1,1,1,1,1,1,1,1,1,1,1,1,1,1,1,1,1,1,1,1,1,1,1,1,1,1,1,1,1,1,1,1,1,1,1,1,1,1,1,1,1,1,1,1,1,1,1,1,1,1,1,1,1,1,1,1,1,1,2,1,1,1,1,1,1,1,1,1,1,1,1,1,1,1,1,1,1,1,1,1,1,1,1,1,1,1,1,1,1,1,1,1,1,2,1,1,1,1,1,1,1,1,1,1,1,1,1,1,1,1,1,1,1,1,1,1,1,1,1,1,1,1,1,1,1,1,1,1,1,1,1,1,1,1,1,1,1,1,1,1,1,1,1,1,1,1,1,1,1,1,1,1,1,1,1,1,1,1,1,1,1,1,1,1,1,1,1,1,1,1,1,1,1,1,1,1,1,1,1,1,1,1,2,1,1,1,1,1,1,1,1,1,1,1,1,1,1,1,1,1,1,1,1,1,1,1,1,1,1,1,1,1,1,1,1,1,1,1,1,1,1,1,1,1,1,1,1,1,1,1,1,1,1,1,1,1,1,1,1,1,1,1,1,1,1,1,1,1,1,2,1,1,1,1,1,1,1,1,1,2,1,1,1,1,1,1,1,1,1,1,1,1,1,1,1,1,1,1,1,1,2,1,1,2,1,1,1,1,1,1,1,1,1,1,1,1,1,1,1,1,1,1,1,1,1,1,1,1,1,1,1,1,1,1,1,1,1,1,1,1,1,1,1,1,1,2,1,1,1,1,1,1,1,1,1,1,1,1,1,1,1,1,1,1,1,1,1,1,1,1,1,1,1,1,1,1,1,1,1,1,1,1,1,1,1,1,1,1,1,1,1,1,1,1,1,1,1,1,1,1,1,1,1,1,1,1,1,1,1,1,1,1,1,1,1,1,1,1,1,1,1,1,1,1,1,1,1,1,1,1,1,1,1,1,1,1,1,1,1,1,1,1,1,1,1,1,1,1,1,1,1,1,1,1,1,1,1,1,1,1,1
2,1,2,1,3,2,2,2,1,2,2,1,1,2,2,2,2,1,1,2,2,1,2,2,2,2,2,3,2,2,2,2,2,1,1,1,2,1,1,1,1,1,1,1,1,2,2,1,2,2,1,1,1,2,1,1,1,1,1,2,1,1,1,1,1,1,1,1,1,1,1,2,1,1,1,1,1,1,1,1,1,1,1,1,1,2,1,1,1,1,1,1,1,1,1,2,1,1,1,1,2,1,1,1,2,1,1,2,1,2,1,1,2,1,1,1,1,1,2,1,1,1,1,1,1,1,1,2,1,1,1,1,2,1,1,1,1,1,1,1,1,1,1,2,2,1,1,1,1,1,1,1,1,1,1,1,1,1,1,1,1,1,1,2,1,1,1,2,1,1,1,1,1,1,1,1,1,1,1,1,1,1,1,1,2,1,1,1,1,1,2,2,2,1,1,1,1,1,1,1,1,1,2,2,1,1,2,2,2,2,1,1,1,2,2,1,2,2,2,2,2,2,2,3,2,2,2,2,1,1,1,1,1,1,1,1,2,1,1,1,1,2,1,1,2,2,1,1,1,1,1,1,1,1,1,1,1,1,2,1,1,1,1,1,1,1,1,2,1,1,1,1,1,1,1,1,1,1,1,1,1,2,1,1,2,1,1,1,1,1,1,1,1,1,1,2,1,1,1,1,1,1,1,1,1,1,1,1,1,1,1,1,1,1,1,1,1,1,1,2,1,1,1,1,1,1,1,1,1,1,1,2,2,2,1,1,2,1,1,1,1,1,1,1,2,1,1,1,1,2,1,1,2,1,1,1,1,1,1,1,1,1,1,1,1,1,2,1,2,1,1,1,1,1,1,1,1,1,1,1,1,1,1,1,2,1,1,1,2,1,1,1,1,1,1,1,2,2,2,2,2,2,2,1,2,2,2,1,1,2,2,1,1,1,1,2,1,1,1,2,2,2,1,1,1,1,1,1,1,1,1,1,1,1,1,1,1,1,1,1,2,1,1,1,2,1,1,1,1,1,1,1,1,1,1,1,1,1,1,1,1,1,1,1,1,1,1,1,1,1,1,1,1,1,1,1,1,1,1,1,1,1,1,1,1,1,1,1,1,1,1,1,1,1,1,1,1,1,1,1,1,1,1,1,2,1,1,1,1,1,1,2,1,1,1,1,1,1,1,1,1,1,1,1,1,1,1,1,1,1,1,1,1,1,1,1,2,1,1,1,1,1,1,1,1,1,1,1,1,1,1,2,2,1,1,1,1,1,1,2,2,1,1,1
1,1,2,3,3,2,3,3,2,2,2,1,1,2,2,2,2,1,1,2,2,2,2,2,2,3,2,3,3,2,3,2,3,1,1,2,3,2,1,2,2,2,2,2,2,1,1,2,1,1,1,1,1,1,1,1,2,2,1,2,3,1,1,2,2,2,2,1,1,1,1,1,2,1,1,2,2,2,2,2,2,2,2,2,2,2,2,2,2,2,2,2,2,2,2,2,2,3,2,2,3,2,2,2,2,2,2,3,3,2,2,2,2,2,2,2,2,2,2,2,2,3,2,2,2,2,2,2,1,1,1,1,1,1,1,1,1,1,2,1,1,2,2,2,3,2,1,3,3,2,3,3,1,2,3,3,3,2,3,3,2,3,3,3,3,2,2,3,2,3,3,3,3,3,3,3,3,3,2,3,2,2,3,3,3,3,2,2,3,1,1,2,3,1,3,3,3,3,2,3,3,2,1,2,1,1,1,2,1,1,1,1,1,1,1,1,2,2,2,1,3,3,2,3,2,3,3,3,2,2,1,1,1,1,1,1,2,2,1,3,1,3,2,2,2,2,2,2,2,2,2,2,2,2,2,2,2,1,2,2,2,2,2,2,3,2,2,2,2,2,3,2,2,2,2,2,2,2,2,2,2,2,2,2,2,2,2,2,2,2,2,2,2,2,2,2,2,2,2,2,1,2,2,2,2,2,2,2,1,2,1,1,1,1,1,1,1,2,2,1,1,1,1,1,2,2,1,1,1,1,1,1,2,3,1,2,1,1,1,1,1,1,1,1,3,1,1,3,2,2,2,1,2,2,2,3,3,3,2,2,2,2,2,1,1,1,1,1,2,1,1,3,3,3,3,3,3,3,3,2,3,2,1,1,2,3,1,1,2,2,1,2,2,3,1,1,1,1,2,1,1,2,3,2,3,2,2,2,2,3,1,3,3,3,3,3,1,3,1,2,2,3,2,2,2,2,2,3,3,2,2,2,2,2,2,3,2,3,2,1,1,1,1,1,1,1,1,2,1,1,1,1,2,2,1,2,2,2,1,2,1,1,1,2,1,1,1,2,2,2,1,1,1,1,2,2,2,1,2,2,2,2,2,2,2,2,2,2,2,2,2,2,2,2,2,2,2,2,2,2,2,2,2,2,2,2,2,2,2,1,2,1,1,1,1,1,2,1,1,1,2,2,1,1,1,2,2,2,1,1,2,2,3,3,3,3,2,1,2,2,2,3,3,3,3,3,3,2,3,3,1,2,2,1,2,2,2,2,2,2,3,2,2,1
1,1,2,2,1,2,1,2,1,2,1,1,1,1,1,2,1,1,1,1,2,2,2,1,1,1,1,1,1,1,2,1,1,1,1,1,1,1,1,1,1,1,1,1,1,1,1,1,1,1,1,1,1,1,1,1,1,1,1,1,1,1,1,1,1,1,1,1,1,1,1,1,1,1,1,1,1,1,1,1,1,1,1,1,1,1,1,1,1,1,1,1,1,1,1,1,1,1,1,1,1,1,1,1,1,1,1,1,1,1,1,1,1,1,1,1,1,1,1,1,1,1,1,1,1,1,1,1,1,1,1,1,1,1,1,1,1,1,1,1,1,1,1,1,1,1,1,1,2,2,1,1,1,1,1,1,1,1,1,1,1,1,1,1,1,1,1,1,1,1,1,1,1,1,1,1,1,1,2,1,1,1,1,1,1,1,1,1,1,1,1,1,2,1,1,2,2,1,1,1,1,1,2,1,2,2,2,1,1,1,2,1,1,3,2,2,3,3,2,2,2,2,3,2,2,3,2,3,3,1,1,1,1,1,1,1,1,1,2,1,1,1,1,1,1,2,1,1,1,1,1,1,1,1,1,1,1,1,1,1,1,1,1,1,1,1,1,1,1,1,1,1,1,1,1,1,1,1,1,1,1,1,1,1,1,1,1,1,1,1,1,1,1,1,1,1,1,1,1,1,1,1,1,1,1,1,1,1,1,1,1,1,1,1,1,1,1,1,1,1,1,1,1,1,1,1,1,1,1,1,1,1,1,1,1,1,1,1,1,1,3,1,1,1,1,1,1,1,1,1,1,1,1,1,1,2,1,1,1,1,2,1,1,1,1,1,1,1,1,1,1,2,1,2,2,1,1,1,2,1,3,2,1,1,1,1,2,1,3,2,1,2,1,1,3,2,2,1,1,1,1,2,2,1,1,1,1,1,1,2,1,3,2,3,2,1,1,1,1,1,1,1,1,1,1,1,1,1,1,1,1,1,1,1,1,1,1,1,1,1,1,2,1,1,1,1,1,1,1,1,1,1,1,1,1,1,1,2,1,1,1,1,1,1,1,1,1,1,1,1,1,1,1,1,1,1,1,1,1,1,1,1,1,1,1,1,1,1,1,1,1,1,1,1,1,1,1,1,1,1,1,1,1,1,1,1,1,1,1,1,1,3,1,1,1,1,1,1,1,1,1,1,1,1,1,1,1,1,2,2,1,2,1,1,1,1,2,2,1,2,1,1,2,2,2,1,2,2,2,1,2,2,2,2,2,1,2,3,2,1,2,2,2,2
1,1,1,1,1,1,2,1,1,1,1,1,2,1,1,2,1,1,2,1,2,2,1,1,1,1,1,1,1,1,1,1,1,1,1,1,2,1,1,1,2,1,1,1,1,1,2,3,1,2,2,1,1,1,2,1,1,1,2,3,1,1,1,2,1,1,2,2,2,1,1,1,1,2,1,1,1,1,1,1,2,1,1,1,1,2,2,2,1,1,1,2,1,1,1,2,3,3,1,2,3,2,1,1,1,2,1,3,2,1,2,2,1,2,2,1,2,3,2,1,3,3,2,1,1,1,1,1,2,1,2,1,3,2,2,2,1,3,2,2,1,2,1,2,1,2,2,2,1,1,1,1,2,2,2,2,1,1,2,1,1,1,1,1,1,1,1,1,2,1,2,2,2,3,1,1,2,2,2,3,1,1,3,2,2,2,1,1,1,2,2,2,1,1,1,1,1,3,1,1,3,1,1,1,2,1,1,1,1,1,1,1,2,1,1,1,2,1,1,1,2,1,3,1,2,1,2,1,1,2,1,1,1,1,1,1,1,1,2,1,1,1,1,1,1,1,1,1,1,1,2,2,1,1,2,2,1,1,2,1,1,1,2,1,3,1,1,1,1,1,3,1,1,2,1,1,2,2,1,1,1,2,1,1,1,1,2,1,1,1,2,1,1,1,1,1,2,1,3,1,1,3,2,2,1,2,3,1,1,2,2,1,1,1,1,1,1,1,1,1,3,1,1,1,2,1,1,1,1,1,2,1,3,3,1,3,1,2,1,2,2,2,1,2,1,1,2,2,1,1,2,1,1,1,1,2,1,2,1,1,2,1,3,1,1,2,1,1,3,3,1,2,1,1,2,1,1,1,1,2,2,1,1,1,2,1,1,2,1,1,1,2,2,3,1,1,1,1,2,1,2,1,1,2,1,1,1,1,1,2,1,1,2,2,1,3,1,1,1,1,2,1,1,1,1,2,1,1,2,1,2,2,1,1,1,1,1,1,2,1,1,1,1,2,1,1,2,2,2,2,1,1,1,2,1,3,2,1,1,1,2,2,1,2,2,1,1,1,1,2,2,1,1,2,2,2,2,1,1,1,1,1,2,2,1,1,1,1,2,1,1,2,2,1,1,2,2,1,1,1,1,2,2,1,3,2,2,1,1,2,2,2,1,2,1,2,2,2,1,1,3,2,2,1,2,1,2,1,1,1,1,1,1,1,2,1,1,1,1,1,2,2,2,1,1,1,1,2,2,2,1,2,2,1,3,2,1,1,3,1,1,1,2,1
69.8,73.4,75.2,72.5,71.1,74.3,74.7,76.3,75.9,77.4,70.7,72,76,76,77,78,78,76,75,78,74,73,70.5,74.7,76.3,75.2,69.6,73.4,75,75.2,77.2,71.1,70,64.2,71.4,75.2,73.2,78.6,75.6,79,76.3,75.9,78.3,74.5,70.9,70.5,72.7,75.2,71.6,77,71.6,73,73.2,73.4,75.4,73.4,74.3,73.4,75.4,76.6,81.3,74.1,74.1,77,73.6,73.4,63.9,75.2,72.9,73.6,76.8,76.3,77,73.4,73.4,73.6,75.5,76.5,76.3,78.8,76.5,75.9,74.9,74.7,77,78.1,77.9,78.8,77,83.5,79.5,80.6,78.8,80.6,78.1,78.1,77.7,80.1,79.2,78.3,76.3,76.3,78.3,75.4,76.6,75.2,80.1,80.6,76.8,79.7,77.4,77.3,82.8,80.4,80.6,78.8,77,73.5,75.2,74.7,73.2,70.7,69.8,70.5,70,69.1,69.8,70.3,65.7,66.4,68.1,67.6,69.4,70.6,70.5,72.3,71.4,73.9,73.4,73.4,70.5,72,72.9,75.6,79.3,75.4,74.5,74.1,72.9,75.2,77.2,78.3,74.5,75.4,74.5,75.6,74.1,75.9,74.5,75.2,74.5,75.4,74.7,80.5,79.9,75.7,77.6,78.1,76.8,75.6,78.3,78.8,78.3,78.2,80.4,81.8,78.8,80.6,77.4,81.3,82.2,76.1,78.1,78.4,77.3,72.4,70.2,70.1,72.1,67.8,71.6,75.2,75.2,70.9,71.3,73.4,77,79,77,76.5,72.7,74.8,77.2,73.6,72.7,82.6,75.1,85.8,83.3,72.3,79,82.6,76.1,79.8,72.9,79.9,81.3,82.6,78.8,82.2,82.9,79.5,75.9,79.2,75.6,76.3,75,70.5,68,80.2,80.6,77.4,77,77.5,79.1,76.1,80.6,77,77,73.4,77.1,75.2,70.5,80.1,71.1,77,75.2,75.7,80.3,78.8,79.6,78.3,78.1,77.4,75.4,79.9,76.8,73.2,76.1,76.3,80.8,76.6,77.5,80.8,76.6,76.5,80.6,77.7,76.8,76.5,78.8,80.8,84,81.3,80.6,78.3,79.9,79.1,78.8,80.1,78.8,79.5,79.5,81.9,78.3,79,79.6,82.6,80.6,83.1,77,78.6,77.4,77.5,81.7,82.8,79.5,75.9,76.3,76.3,71.1,76.3,77.7,78.8,77.2,78.6,77.9,78.3,75.4,75.6,77,75.2,78.1,75.4,76.5,75.9,76.5,77,77,79,77.5,75.6,75.2,75.2,75.6,77.7,75,69.4,71.6,71.4,72.3,70,68,75,74.1,72,75.4,72,72.3,77.4,75.2,77.4,77.4,76.6,79.8,70.5,76.1,76.7,77,82.4,79.1,78.1,80.4,77.5,77.5,74.7,78.2,78.6,79.9,79.3,82.4,79.9,77.4,79.7,78.1,71.5,73.1,76.5,79.4,74.7,70.7,76.5,83.7,79.9,80.6,81,79.5,76.3,78.1,78.8,82.8,76.3,71.1,70.2,71.4,78.1,77.7,78.3,85.3,80.1,80.6,85.1,78.6,78.3,76.3,71.6,75.2,70.9,70.1,73.2,73.2,77.7,78,77.7,82.3,78.1,74.7,71.9,69.1,72.5,76.3,74.8,69.8,78.8,79.7,74.7,73.4,72.3,64.9,72,72.3,76.5,77,74.8,75.1,70.2,76.4,78.4,77.4,77.6,78.8,77.2,78.1,73.4,75.4,75.2,74.9,74.9,73.6,64.4,67.4,70,72.5,72.3,71.4,73.4,76.3,73.4,75.4,73.8,77.5,75.6,78.3,78.3,78.8,76.5,76.6,75,75.6,70.5,71.2,70.1,70.9,73,72.5,74.7,73.4,75.8,79.7,77.7,78.6,77.4,78.3,78.8,80.6,76.6,78.1,80.4,77,78.8,78.1,79.9,78.3,79.3,80.1,78.4,77,77.9,77.5,77.5,77.5,79.3,81.4,80.6,77.4,76.7,74.1,75.6,75.9,75.6,74.1,75.2,75.6,75.7,75.9,75,72.9,73.8,72.7,71.1,71.2,67.5,68,69.7,72.1,73.2,77.7,75.2,76.1,74.1,70.8,72.3,72.3,70.5,72.5,78.1,79.8,79.3,77,78.8,81,79.3,78.4,80.8,84.6,73.4,78.8,76,76.5,74.1,69.8,82.4,80.1,83.1,76.3,77,75.2,74.7,72.7,70.5,66.9,71.3,77,73.8,70.3,78.4,76.4,75.4,76.8,76.5,75.2,71.2,72.1,70.9
69,85,83,43,54,100,53,52,47,55,81,120,120,90,95,88,75,98,100,85,78,85,84,82,81,92,80,83,84,85,69,85,67,115,101,78,102,95,93,76,81,76,68,75,73,120,100,60,120,120,120,120,120,120,120,120,120,80,120,95,35,120,120,80,100,120,120,120,120,120,120,110,100,110,120,120,110,105,105,105,90,95,90,90,70,65,65,60,75,70,70,60,70,80,70,60,60,45,70,65,55,65,70,75,75,70,65,40,55,60,55,60,60,60,60,65,65,70,70,75,60,45,75,75,75,80,85,75,120,120,120,120,120,120,120,120,120,120,120,120,120,120,120,105,102,98,120,91,95,110,96,85,120,110,81,92,105,110,95,92,105,94,105,78,99,106,105,78,99,78,86,76,72,59,69,69,59,69,76,64,78,79,65,62,69,65,76,71,76,120,120,120,62,120,44,49,50,25,67,56,58,58,65,52,88,94,84,81.2,82.3,94,90,89,91,91,93,90,72,68,85,101,55,45,63,26,98,46,50,44,81,82,92,84,80,100,93,120,77,100,92,80,83,55,90,69,95,60,85,70,70,70,70,73,65,85,75,80,85,115,90,90,85,90,85,85,65,85,90,90,90,90,55,90,80,90,90,90,90,95,100,90,90,90,90,90,85,90,95,85,85,85,85,95,105,95,100,100,100,100,85,110,115,95,110,115,110,100,85,115,110,100,115,120,115,120,120,120,120,80,85,120,110,120,120,120,100,120,120,120,120,120,120,120,110,45,120,75,120,120,120,103,120,120,114,109,120,120,120,61,96,99,98,120,101,90,113,103,79,78,85,89,103,106,103,106,109,120,120,99,86,120,110,80,55,73,63,73,70,70,70,90,40,80,120,120,50,88,92,63,60,64,75,80,82,93,108,116,120,102,92,96,96,79,66,66.2,51,52,71,72,58,41,107,51,43,44,60,41,88,49,120,113,110,55,110,105,110,110,92,85,85,91,81,66,56,50,45,44,53,63,53,120,120,120,120,120,120,120,120,120,115,120,120,120,115,120,120,90,100,120,120,110,120,120,120,100,120,120,120,100,105,115,115,120,120,120,110,110,115,115,100,105,95,100,95,90,85,90,85,85,75,85,80,70,65,70,70,70,80,85,85,85,90,80,75,70,60,85,100,80,105,120,105,120,110,120,120,120,99,120,110,120,85,111,120,120,113,86,92,83,115,120,98,72,74,82,67,75,120,120,105,120,107,70,69,65,70,67,60,80,85,85,85,109,85,120,105,68,93,93,58,69,72,103,100,103
