567-2016,202-2016,786-2016,1157-2016,1454-2016,292-2016,100-2016,826-2016,1302-2016,561-2016,785-2016,201-2016,741-2016,1560-2016,1625-2016,235-2016,993-2016,845-2016,668-2016,728-2016,1120-2016,1293-2016,429-2016,960-2016,1622-2016,902-2016,1545-2016,631-2016,1453-2016,404-2016,64-2016,1330-2016,1349-2016,723-2016,1087-2016,595-2016,68-2016,1109-2016,291-2016,1239-2016,1251-2016,223-2016,130-2016,1135-2016,1001-2016,475-2016,825-2016,1575-2016,566-2016,200-2016,1517-2016,290-2016,1099-2016,1452-2016,1024-2016,1086-2016,980-2016,560-2016,784-2016,199-2016,1-2016,345-2016,1450-2016,474-2016,99-2016,570-2016,198-2016,129-2016,1451-2016,666-2016,63-2016,824-2016,1292-2016,959-2016,565-2016,1213-2016,1023-2016,62-2016,440-2016,1449-2016,852-2016,843-2016,564-2016,783-2016,1448-2016,1212-2016,233-2016,1300-2016,569-2016,823-2016,1443-2016,1480-2016,196-2016,1209-2016,1248-2016,1332-2016,1052-2016,250-2016,61-2016,415-2016,98-2016,559-2016,782-2016,473-2016,740-2016,343-2016,1241-2016,428-2016,727-2016,844-2016,1134-2016,128-2016,1005-2016,1105-2016,247-2016,992-2016,1119-2016,195-2016,1247-2016,1621-2016,402-2016,60-2016,725-2016,1447-2016,1047-2016,665-2016,999-2016,1149-2016,81-2016,1351-2016,1559-2016,1516-2016,1315-2016,901-2016,1574-2016,563-2016,1265-2016,936-2016,1263-2016,975-2016,197-2016,1094-2016,1211-2016,633-2016,1445-2016,472-2016,59-2016,1085-2016,851-2016,12-2016,557-2016,134-2016,780-2016,1446-2016,58-2016,890-2016,1577-2016,896-2016,962-2016,336-2016,1210-2016,448-2016,338-2016,895-2016,930-2016,1606-2016,1208-2016,192-2016,558-2016,1444-2016,127-2016,97-2016,437-2016,339-2016,898-2016,931-2016,1290-2016,958-2016,486-2016,1619-2016,1628-2016,289-2016,1151-2016,194-2016,1038-2016,1442-2016,888-2016,933-2016,1607-2016,483-2016,974-2016,191-2016,1147-2016,639-2016,286-2016,1473-2016,1438-2016,1041-2016,55-2016,413-2016,781-2016,340-2016,1605-2016,484-2016,1620-2016,1207-2016,193-2016,1482-2016,57-2016,414-2016,1441-2016,1602-2016,1048-2016,288-2016,96-2016,337-2016,927-2016,1301-2016,189-2016,126-2016,842-2016,739-2016,363-2016,485-2016,401-2016,984-2016,1618-2016,1118-2016,287-2016,605-2016,1291-2016,1544-2016,664-2016,1022-2016,957-2016,1126-2016,80-2016,427-2016,387-2016,629-2016,722-2016,375-2016,1440-2016,56-2016,369-2016,1092-2016,1037-2016,1206-2016,1627-2016,381-2016,1238-2016,234-2016,1329-2016,1100-2016,1246-2016,981-2016,1309-2016,994-2016,1562-2016,447-2016,222-2016,973-2016,932-2016,779-2016,556-2016,1617-2016,1158-2016,190-2016,623-2016,1348-2016,1439-2016,54-2016,1046-2016,1503-2016,849-2016,341-2016,929-2016,1604-2016,494-2016,1288-2016,935-2016,1039-2016,188-2016,1437-2016,1225-2016,1478-2016,95-2016,330-2016,897-2016,11-2016,777-2016,482-2016,1204-2016,125-2016,1501-2016,620-2016,622-2016,1040-2016,1435-2016,1262-2016,360-2016,1289-2016,956-2016,822-2016,492-2016,663-2016,1167-2016,670-2016,1004-2016,1436-2016,891-2016,1600-2016,283-2016,778-2016,1557-2016,1434-2016,711-2016,491-2016,840-2016,1483-2016,1205-2016,232-2016,412-2016,928-2016,94-2016,894-2016,1543-2016,285-2016,545-2016,662-2016,709-2016,1227-2016,1433-2016,333-2016,1601-2016,1340-2016,284-2016,1504-2016,926-2016,282-2016,245-2016,1598-2016,892-2016,1082-2016,820-2016,1558-2016,776-2016,841-2016,555-2016,1299-2016,710-2016,426-2016,1626-2016,1432-2016,124-2016,1117-2016,1352-2016,1237-2016,359-2016,900-2016,1021-2016,621-2016,380-2016,1328-2016,1133-2016,721-2016,1304-2016,280-2016,368-2016,1616-2016,390-2016,374-2016,628-2016,1000-2016,53-2016,1564-2016,335-2016,1287-2016,549-2016,955-2016,1431-2016,79-2016,1505-2016,281-2016,641-2016,923-2016,925-2016,332-2016,856-2016,1599-2016,1083-2016,983-2016,329-2016,821-2016,552-2016,553-2016,708-2016,619-2016,1430-2016,187-2016,1201-2016,1475-2016,893-2016,83-2016,1081-2016,334-2016,1597-2016,51-2016,774-2016,489-2016,183-2016,123-2016,1472-2016,1594-2016,358-2016,1203-2016,52-2016,1077-2016,328-2016,1261-2016,10-2016,819-2016,554-2016,1202-2016,182-2016,707-2016,1020-2016,886-2016,1080-2016,48-2016,885-2016,279-2016,327-2016,921-2016,775-2016,704-2016,551-2016,186-2016,50-2016,972-2016,917-2016,818-2016,493-2016,185-2016,1592-2016,47-2016,1084-2016,249-2016,883-2016,887-2016,246-2016,922-2016,817-2016,738-2016,839-2016,773-2016,1573-2016,609-2016,706-2016,1485-2016,661-2016,122-2016,550-2016,1122-2016,1088-2016,278-2016,357-2016,1160-2016,1027-2016,49-2016,469-2016,78-2016,425-2016,1285-2016,954-2016,1132-2016,181-2016,379-2016,1608-2016,720-2016,367-2016,1327-2016,594-2016,1630-2016,389-2016,373-2016,627-2016,1253-2016,1342-2016,1229-2016,1098-2016,230-2016,9-2016,1556-2016
MendotaPier15,KegonsaPier7,MendotaPier7,MononaPier21,WaubesaPier5,MendotaBeach12,KegonsaPier4,MendotaPier8,MononaPier9,MendotaPier15,MendotaPier7,KegonsaPier7,MendotaPier6,WaubesaPier7,WingraPier2,MendotaBeach1,MononaPark12,MendotaPier9,MendotaPier27,MendotaPier35,MononaPier14,MononaPier8,MendotaPark29,MononaBeach18,WingraPark3,MononaBeach17,WaubesaPier6,MendotaPier22,WaubesaPier5,MendotaBeach34,KegonsaPier1,WaubesaPark9,WaubesaPier4,MendotaPier33,MononaPier10,MendotaPier16,KegonsaPier3,MononaPier13,MendotaBeach12,MononaPier24,MononaPier7,MendotaPier3,KegonsaPier6,MononaPier15,MononaPark19,MendotaPier14,MendotaPier8,WaubesaPier8,MendotaPier15,KegonsaPier7,WaubesaPier6,MendotaBeach12,MononaPier12,WaubesaPier5,MononaPark2,MononaPier1,MononaBeach5,MendotaPier15,MendotaPier7,KegonsaPier7,KegonsaBeach2,MendotaBeach13,WaubesaPier5,MendotaPier14,KegonsaPier4,MendotaPier15,KegonsaPier7,KegonsaPier6,WaubesaPier5,MendotaPier27,KegonsaPier1,MendotaPier8,MononaPier8,MononaBeach18,MendotaPier15,MononaPier21,MononaPark2,KegonsaPier1,MendotaPier10,WaubesaPier5,MononaBeach11,MendotaPier9,MendotaPier15,MendotaPier7,WaubesaPier5,MononaPier21,MendotaPier3,MononaPier9,MendotaPier15,MendotaPier8,WaubesaPier5,WaubesaPier6,KegonsaPier7,MononaPier21,MononaPier6,WaubesaPark9,MononaPier1,MendotaBeach12,KegonsaPier1,MendotaBeach34,KegonsaPier4,MendotaPier15,MendotaPier7,MendotaPier14,MendotaPier6,MendotaBeach13,MononaPier24,MendotaPark29,MendotaPier35,MendotaPier9,MononaPier15,KegonsaPier6,MononaPark2,MononaPier12,MendotaBeach1,MononaPark12,MononaPier14,KegonsaPier7,MononaPier6,WingraPark3,MendotaBeach32,KegonsaPier1,MendotaPier33,WaubesaPier5,MononaPier1,MendotaPier27,MononaPark19,MononaPier21,KegonsaPier3,WaubesaPier4,WaubesaPier7,WaubesaPier6,WaubesaBeach1,MononaBeach17,WaubesaPier8,MendotaPier15,MononaPier8,MononaBeach18,MononaPier7,MononaBeach3,KegonsaPier7,MononaPier10,MononaPier21,MendotaPier22,WaubesaPier5,MendotaPier14,KegonsaPier1,MononaPier1,MononaBeach11,KegonsaBeach2,MendotaPier15,KegonsaPier7,MendotaPier7,WaubesaPier5,KegonsaPier1,MononaBeach16,WingraBeach1,MononaBeach16,MononaBeach22,MendotaBeach13,MononaPier21,MendotaPier11,MendotaBeach13,MononaBeach16,MononaBeach18,WingraBeach1,MononaPier21,KegonsaPier7,MendotaPier15,WaubesaPier5,KegonsaPier6,KegonsaPier4,MendotaPier10,MendotaBeach13,MononaBeach16,MononaBeach18,MononaPier8,MononaBeach18,MendotaPier15,WingraPark3,WingraPier2,MendotaBeach12,MononaPier21,KegonsaPier7,MononaPier1,WaubesaPier5,MononaBeach16,MononaBeach18,WingraBeach1,MendotaPier15,MononaBeach3,KegonsaPier7,MononaPier21,MendotaPier22,MendotaBeach12,WaubesaPier6,WaubesaPier5,MononaPier1,KegonsaPier1,MendotaBeach34,MendotaPier7,MendotaBeach13,WingraBeach1,MendotaPier15,WingraPark3,MononaPier21,KegonsaPier7,WaubesaPier6,KegonsaPier1,MendotaBeach34,WaubesaPier5,WingraBeach1,MononaPier1,MendotaBeach12,KegonsaPier4,MendotaBeach13,MononaBeach18,MononaPier9,KegonsaPier7,KegonsaPier6,MendotaPier9,MendotaPier6,MendotaBeach13,MendotaPier15,MendotaBeach32,MononaPark12,WingraPark3,MononaPier14,MendotaBeach12,MendotaPier2,MononaPier8,WaubesaPier6,MendotaPier27,MononaPark2,MononaBeach18,MononaPier15,KegonsaPier3,MendotaPark29,MendotaBeach30,MendotaPier20,MendotaPier33,MendotaBeach19,WaubesaPier5,KegonsaPier1,MendotaBeach18,MononaPier10,MononaPier1,MononaPier21,WingraPier2,MendotaBeach28,MononaPier24,MendotaBeach1,WaubesaPark9,MononaPier12,MononaPier6,MononaBeach5,WaubesaBeach1,MononaPark19,WaubesaPier8,MendotaPier11,MendotaPier3,MononaBeach3,MononaBeach18,MendotaPier7,MendotaPier15,WingraPark3,MononaPier21,KegonsaPier7,MendotaPier2,WaubesaPier4,WaubesaPier5,KegonsaPier1,MononaPier1,WaubesaPier6,MononaBeach11,MendotaBeach13,MononaBeach18,WingraBeach1,MendotaPier15,MononaPier8,MononaBeach18,MononaPier1,KegonsaPier7,WaubesaPier5,MononaPier21,WaubesaPier6,KegonsaPier4,MendotaBeach13,MononaBeach16,KegonsaBeach2,MendotaPier7,MendotaPier15,MononaPier21,KegonsaPier6,WaubesaPier6,MendotaPier2,MendotaPier2,MononaPier1,WaubesaPier5,MononaPier7,MendotaBeach13,MononaPier8,MononaBeach18,MendotaPier8,MendotaPier15,MendotaPier27,MononaPier21,MendotaPier31,MononaPark2,WaubesaPier5,MononaBeach16,WingraBeach1,MendotaBeach12,MendotaPier7,WaubesaPier7,WaubesaPier5,MendotaPier31,MendotaPier15,MendotaPier9,WaubesaPier6,MononaPier21,MendotaPier3,MendotaBeach34,MononaBeach18,KegonsaPier4,MononaBeach16,WaubesaPier6,MendotaBeach12,MendotaPier15,MendotaPier27,MendotaPier31,MononaPier21,WaubesaPier5,MendotaBeach13,WingraBeach1,WaubesaPier2,MendotaBeach12,WaubesaPier6,MononaBeach18,MendotaBeach12,MendotaBeach1,WingraBeach1,MononaBeach16,MononaPier1,MendotaPier8,WaubesaPier7,MendotaPier7,MendotaPier9,MendotaPier15,MononaPier9,MendotaPier31,MendotaPark29,WingraPier2,WaubesaPier5,KegonsaPier6,MononaPier14,WaubesaPier4,MononaPier24,MendotaBeach13,MononaBeach17,MononaPark2,MendotaPier2,MendotaBeach28,WaubesaPark9,MononaPier15,MendotaPier33,WaubesaBeach1,MendotaBeach12,MendotaBeach18,WingraPark3,MendotaBeach32,MendotaBeach19,MendotaPier20,MononaPark19,KegonsaPier1,WaubesaPier8,MendotaBeach13,MononaPier8,MendotaPier15,MononaBeach18,WaubesaPier5,KegonsaPier3,WaubesaPier6,MendotaBeach12,MendotaPier26,MononaBeach18,MononaBeach18,MendotaBeach13,MononaBeach16,WingraBeach1,MononaPier1,MononaPark12,MendotaBeach13,MendotaPier8,MendotaPier15,MendotaPier15,MendotaPier31,MendotaPier2,WaubesaPier5,KegonsaPier7,MononaPier21,WaubesaPier6,MononaBeach16,KegonsaPier4,MononaPier1,MendotaBeach13,WingraBeach1,KegonsaPier1,MendotaPier7,MendotaPier15,KegonsaPier7,KegonsaPier6,WaubesaPier6,WingraBeach1,MendotaBeach13,MononaPier21,KegonsaPier1,MononaPier1,MendotaBeach13,MononaPier7,KegonsaBeach2,MendotaPier8,MendotaPier15,MononaPier21,KegonsaPier7,MendotaPier31,MononaPark2,MononaBeach16,MononaPier1,KegonsaPier1,MononaBeach16,MendotaBeach12,MendotaBeach13,MononaBeach18,MendotaPier7,MendotaPier31,MendotaPier15,KegonsaPier7,KegonsaPier1,MononaBeach3,MononaBeach18,MendotaPier8,MendotaPier15,KegonsaPier7,WingraBeach1,KegonsaPier1,MononaPier1,MendotaBeach12,MononaBeach16,MononaBeach16,MendotaBeach1,MononaBeach18,MendotaPier8,MendotaPier6,MendotaPier9,MendotaPier7,WaubesaPier8,MendotaPier2,MendotaPier31,WaubesaPier6,MendotaPier27,KegonsaPier6,MendotaPier15,MononaPier14,MononaPier10,MendotaBeach12,MendotaBeach13,MononaPier21,MononaPark2,KegonsaPier1,MendotaPier14,KegonsaPier3,MendotaPark29,MononaPier8,MononaBeach18,MononaPier15,KegonsaPier7,MendotaBeach28,WingraPark3,MendotaPier33,MendotaBeach18,WaubesaPark9,MendotaPier16,WingraPier2,MendotaBeach32,MendotaBeach19,MendotaPier20,MononaPier7,WaubesaPier2,MononaPier24,MononaPier12,MendotaPier3,KegonsaBeach2,WaubesaPier7
Mendota,Kegonsa,Mendota,Monona,Waubesa,Mendota,Kegonsa,Mendota,Monona,Mendota,Mendota,Kegonsa,Mendota,Waubesa,Wingra,Mendota,Monona,Mendota,Mendota,Mendota,Monona,Monona,Mendota,Monona,Wingra,Monona,Waubesa,Mendota,Waubesa,Mendota,Kegonsa,Waubesa,Waubesa,Mendota,Monona,Mendota,Kegonsa,Monona,Mendota,Monona,Monona,Mendota,Kegonsa,Monona,Monona,Mendota,Mendota,Waubesa,Mendota,Kegonsa,Waubesa,Mendota,Monona,Waubesa,Monona,Monona,Monona,Mendota,Mendota,Kegonsa,Kegonsa,Mendota,Waubesa,Mendota,Kegonsa,Mendota,Kegonsa,Kegonsa,Waubesa,Mendota,Kegonsa,Mendota,Monona,Monona,Mendota,Monona,Monona,Kegonsa,Mendota,Waubesa,Monona,Mendota,Mendota,Mendota,Waubesa,Monona,Mendota,Monona,Mendota,Mendota,Waubesa,Waubesa,Kegonsa,Monona,Monona,Waubesa,Monona,Mendota,Kegonsa,Mendota,Kegonsa,Mendota,Mendota,Mendota,Mendota,Mendota,Monona,Mendota,Mendota,Mendota,Monona,Kegonsa,Monona,Monona,Mendota,Monona,Monona,Kegonsa,Monona,Wingra,Mendota,Kegonsa,Mendota,Waubesa,Monona,Mendota,Monona,Monona,Kegonsa,Waubesa,Waubesa,Waubesa,Waubesa,Monona,Waubesa,Mendota,Monona,Monona,Monona,Monona,Kegonsa,Monona,Monona,Mendota,Waubesa,Mendota,Kegonsa,Monona,Monona,Kegonsa,Mendota,Kegonsa,Mendota,Waubesa,Kegonsa,Monona,Wingra,Monona,Monona,Mendota,Monona,Mendota,Mendota,Monona,Monona,Wingra,Monona,Kegonsa,Mendota,Waubesa,Kegonsa,Kegonsa,Mendota,Mendota,Monona,Monona,Monona,Monona,Mendota,Wingra,Wingra,Mendota,Monona,Kegonsa,Monona,Waubesa,Monona,Monona,Wingra,Mendota,Monona,Kegonsa,Monona,Mendota,Mendota,Waubesa,Waubesa,Monona,Kegonsa,Mendota,Mendota,Mendota,Wingra,Mendota,Wingra,Monona,Kegonsa,Waubesa,Kegonsa,Mendota,Waubesa,Wingra,Monona,Mendota,Kegonsa,Mendota,Monona,Monona,Kegonsa,Kegonsa,Mendota,Mendota,Mendota,Mendota,Mendota,Monona,Wingra,Monona,Mendota,Mendota,Monona,Waubesa,Mendota,Monona,Monona,Monona,Kegonsa,Mendota,Mendota,Mendota,Mendota,Mendota,Waubesa,Kegonsa,Mendota,Monona,Monona,Monona,Wingra,Mendota,Monona,Mendota,Waubesa,Monona,Monona,Monona,Waubesa,Monona,Waubesa,Mendota,Mendota,Monona,Monona,Mendota,Mendota,Wingra,Monona,Kegonsa,Mendota,Waubesa,Waubesa,Kegonsa,Monona,Waubesa,Monona,Mendota,Monona,Wingra,Mendota,Monona,Monona,Monona,Kegonsa,Waubesa,Monona,Waubesa,Kegonsa,Mendota,Monona,Kegonsa,Mendota,Mendota,Monona,Kegonsa,Waubesa,Mendota,Mendota,Monona,Waubesa,Monona,Mendota,Monona,Monona,Mendota,Mendota,Mendota,Monona,Mendota,Monona,Waubesa,Monona,Wingra,Mendota,Mendota,Waubesa,Waubesa,Mendota,Mendota,Mendota,Waubesa,Monona,Mendota,Mendota,Monona,Kegonsa,Monona,Waubesa,Mendota,Mendota,Mendota,Mendota,Monona,Waubesa,Mendota,Wingra,Waubesa,Mendota,Waubesa,Monona,Mendota,Mendota,Wingra,Monona,Monona,Mendota,Waubesa,Mendota,Mendota,Mendota,Monona,Mendota,Mendota,Wingra,Waubesa,Kegonsa,Monona,Waubesa,Monona,Mendota,Monona,Monona,Mendota,Mendota,Waubesa,Monona,Mendota,Waubesa,Mendota,Mendota,Wingra,Mendota,Mendota,Mendota,Monona,Kegonsa,Waubesa,Mendota,Monona,Mendota,Monona,Waubesa,Kegonsa,Waubesa,Mendota,Mendota,Monona,Monona,Mendota,Monona,Wingra,Monona,Monona,Mendota,Mendota,Mendota,Mendota,Mendota,Mendota,Waubesa,Kegonsa,Monona,Waubesa,Monona,Kegonsa,Monona,Mendota,Wingra,Kegonsa,Mendota,Mendota,Kegonsa,Kegonsa,Waubesa,Wingra,Mendota,Monona,Kegonsa,Monona,Mendota,Monona,Kegonsa,Mendota,Mendota,Monona,Kegonsa,Mendota,Monona,Monona,Monona,Kegonsa,Monona,Mendota,Mendota,Monona,Mendota,Mendota,Mendota,Kegonsa,Kegonsa,Monona,Monona,Mendota,Mendota,Kegonsa,Wingra,Kegonsa,Monona,Mendota,Monona,Monona,Mendota,Monona,Mendota,Mendota,Mendota,Mendota,Waubesa,Mendota,Mendota,Waubesa,Mendota,Kegonsa,Mendota,Monona,Monona,Mendota,Mendota,Monona,Monona,Kegonsa,Mendota,Kegonsa,Mendota,Monona,Monona,Monona,Kegonsa,Mendota,Wingra,Mendota,Mendota,Waubesa,Mendota,Wingra,Mendota,Mendota,Mendota,Monona,Waubesa,Monona,Monona,Mendota,Kegonsa,Waubesa
6/1/16,6/1/16,6/1/16,6/1/16,6/1/16,6/1/16,6/1/16,6/2/16,6/2/16,6/2/16,6/2/16,6/2/16,6/2/16,6/2/16,6/2/16,6/2/16,6/2/16,6/2/16,6/2/16,6/2/16,6/2/16,6/2/16,6/2/16,6/2/16,6/2/16,6/2/16,6/2/16,6/2/16,6/2/16,6/2/16,6/2/16,6/2/16,6/2/16,6/2/16,6/2/16,6/2/16,6/2/16,6/2/16,6/2/16,6/2/16,6/2/16,6/2/16,6/2/16,6/2/16,6/2/16,6/3/16,6/3/16,6/3/16,6/3/16,6/3/16,6/3/16,6/3/16,6/3/16,6/3/16,6/3/16,6/3/16,6/3/16,6/4/16,6/4/16,6/4/16,6/4/16,6/4/16,6/4/16,6/4/16,6/4/16,6/5/16,6/5/16,6/5/16,6/5/16,6/5/16,6/5/16,6/6/16,6/6/16,6/6/16,6/6/16,6/6/16,6/6/16,6/6/16,6/6/16,6/6/16,6/6/16,6/7/16,6/7/16,6/7/16,6/7/16,6/7/16,6/7/16,6/8/16,6/8/16,6/8/16,6/8/16,6/8/16,6/8/16,6/8/16,6/8/16,6/8/16,6/8/16,6/8/16,6/8/16,6/8/16,6/8/16,6/9/16,6/9/16,6/9/16,6/9/16,6/9/16,6/9/16,6/9/16,6/9/16,6/9/16,6/9/16,6/9/16,6/9/16,6/9/16,6/9/16,6/9/16,6/9/16,6/9/16,6/9/16,6/9/16,6/9/16,6/9/16,6/9/16,6/9/16,6/9/16,6/9/16,6/9/16,6/9/16,6/9/16,6/9/16,6/9/16,6/9/16,6/9/16,6/9/16,6/9/16,6/10/16,6/10/16,6/10/16,6/10/16,6/10/16,6/10/16,6/10/16,6/10/16,6/10/16,6/10/16,6/10/16,6/10/16,6/10/16,6/10/16,6/11/16,6/11/16,6/11/16,6/11/16,6/11/16,6/11/16,6/11/16,6/11/16,6/11/16,6/11/16,6/11/16,6/11/16,6/11/16,6/11/16,6/11/16,6/11/16,6/11/16,6/12/16,6/12/16,6/12/16,6/12/16,6/12/16,6/12/16,6/12/16,6/12/16,6/12/16,6/12/16,6/13/16,6/13/16,6/13/16,6/13/16,6/13/16,6/13/16,6/13/16,6/13/16,6/13/16,6/13/16,6/13/16,6/13/16,6/13/16,6/14/16,6/14/16,6/14/16,6/14/16,6/14/16,6/14/16,6/14/16,6/14/16,6/14/16,6/14/16,6/14/16,6/14/16,6/14/16,6/14/16,6/15/16,6/15/16,6/15/16,6/15/16,6/15/16,6/15/16,6/15/16,6/15/16,6/15/16,6/15/16,6/15/16,6/15/16,6/15/16,6/15/16,6/16/16,6/16/16,6/16/16,6/16/16,6/16/16,6/16/16,6/16/16,6/16/16,6/16/16,6/16/16,6/16/16,6/16/16,6/16/16,6/16/16,6/16/16,6/16/16,6/16/16,6/16/16,6/16/16,6/16/16,6/16/16,6/16/16,6/16/16,6/16/16,6/16/16,6/16/16,6/16/16,6/16/16,6/16/16,6/16/16,6/16/16,6/16/16,6/16/16,6/16/16,6/16/16,6/16/16,6/16/16,6/16/16,6/16/16,6/16/16,6/16/16,6/16/16,6/16/16,6/16/16,6/16/16,6/16/16,6/17/16,6/17/16,6/17/16,6/17/16,6/17/16,6/17/16,6/17/16,6/17/16,6/17/16,6/17/16,6/17/16,6/17/16,6/17/16,6/17/16,6/17/16,6/18/16,6/18/16,6/18/16,6/18/16,6/18/16,6/18/16,6/18/16,6/18/16,6/18/16,6/18/16,6/18/16,6/18/16,6/19/16,6/19/16,6/19/16,6/19/16,6/19/16,6/19/16,6/19/16,6/19/16,6/19/16,6/19/16,6/19/16,6/20/16,6/20/16,6/20/16,6/20/16,6/20/16,6/20/16,6/20/16,6/20/16,6/20/16,6/20/16,6/20/16,6/20/16,6/20/16,6/20/16,6/21/16,6/21/16,6/21/16,6/21/16,6/21/16,6/21/16,6/21/16,6/21/16,6/21/16,6/21/16,6/21/16,6/21/16,6/21/16,6/22/16,6/22/16,6/22/16,6/22/16,6/22/16,6/22/16,6/22/16,6/22/16,6/22/16,6/22/16,6/22/16,6/22/16,6/22/16,6/22/16,6/22/16,6/23/16,6/23/16,6/23/16,6/23/16,6/23/16,6/23/16,6/23/16,6/23/16,6/23/16,6/23/16,6/23/16,6/23/16,6/23/16,6/23/16,6/23/16,6/23/16,6/23/16,6/23/16,6/23/16,6/23/16,6/23/16,6/23/16,6/23/16,6/23/16,6/23/16,6/23/16,6/23/16,6/23/16,6/23/16,6/23/16,6/23/16,6/23/16,6/23/16,6/23/16,6/24/16,6/24/16,6/24/16,6/24/16,6/24/16,6/24/16,6/24/16,6/24/16,6/24/16,6/24/16,6/24/16,6/24/16,6/24/16,6/24/16,6/24/16,6/24/16,6/25/16,6/25/16,6/25/16,6/25/16,6/25/16,6/25/16,6/25/16,6/25/16,6/25/16,6/25/16,6/25/16,6/25/16,6/25/16,6/25/16,6/25/16,6/25/16,6/26/16,6/26/16,6/26/16,6/26/16,6/26/16,6/26/16,6/26/16,6/26/16,6/26/16,6/26/16,6/26/16,6/26/16,6/27/16,6/27/16,6/27/16,6/27/16,6/27/16,6/27/16,6/27/16,6/27/16,6/27/16,6/27/16,6/27/16,6/27/16,6/27/16,6/28/16,6/28/16,6/28/16,6/28/16,6/28/16,6/28/16,6/28/16,6/29/16,6/29/16,6/29/16,6/29/16,6/29/16,6/29/16,6/29/16,6/29/16,6/29/16,6/29/16,6/29/16,6/30/16,6/30/16,6/30/16,6/30/16,6/30/16,6/30/16,6/30/16,6/30/16,6/30/16,6/30/16,6/30/16,6/30/16,6/30/16,6/30/16,6/30/16,6/30/16,6/30/16,6/30/16,6/30/16,6/30/16,6/30/16,6/30/16,6/30/16,6/30/16,6/30/16,6/30/16,6/30/16,6/30/16,6/30/16,6/30/16,6/30/16,6/30/16,6/30/16,6/30/16,6/30/16,6/30/16,6/30/16,6/30/16,6/30/16,6/30/16,6/30/16,6/30/16
8:02:00,8:18:00,8:49:00,9:00:00,10:51:00,13:30:00,17:25:00,5:50:00,6:43:00,6:58:00,7:08:00,7:22:00,7:30:00,7:36:00,7:40:00,7:54:00,8:00:00,8:01:00,8:08:00,8:11:00,8:35:00,8:35:00,8:42:00,8:45:00,8:45:00,8:51:00,8:54:00,9:02:00,9:19:00,9:51:00,10:00:00,10:00:00,10:05:00,10:19:00,10:24:00,10:46:00,10:55:00,11:46:00,11:50:00,12:00:00,13:36:00,13:38:00,15:00:00,15:15:00,16:30:00,6:22:00,6:25:00,6:34:00,6:54:00,8:20:00,8:51:00,10:20:00,11:05:00,12:47:00,12:54:00,14:45:00,14:51:00,1:14:00,7:33:00,9:48:00,11:00:00,11:00:00,11:13:00,11:56:00,15:31:00,7:56:00,9:48:00,10:15:00,10:22:00,11:10:00,11:26:00,5:54:00,6:35:00,6:45:00,8:47:00,9:40:00,10:15:00,13:00:00,15:00:00,15:40:00,18:20:00,7:11:00,7:14:00,7:38:00,8:13:00,10:00:00,11:29:00,6:28:00,8:19:00,8:34:00,9:06:00,9:43:00,9:45:00,10:00:00,10:03:00,10:09:00,10:15:00,11:50:00,12:30:00,13:10:00,19:12:00,7:12:00,7:15:00,7:16:00,7:20:00,7:31:00,7:36:00,7:49:00,8:00:00,8:00:00,8:00:00,8:20:00,8:20:00,8:23:00,8:30:00,8:30:00,8:39:00,8:40:00,9:01:00,9:18:00,9:35:00,10:00:00,10:08:00,10:15:00,11:45:00,11:49:00,11:56:00,12:45:00,13:50:00,14:10:00,14:41:00,15:56:00,17:21:00,17:55:00,19:35:00,6:45:00,7:30:00,7:45:00,7:46:00,8:18:00,8:35:00,8:36:00,8:40:00,9:16:00,9:29:00,11:20:00,13:15:00,16:10:00,20:32:00,7:19:00,7:23:00,8:57:00,9:15:00,9:53:00,10:03:00,11:10:00,12:28:00,13:18:00,13:58:00,15:08:00,16:22:00,17:05:00,18:08:00,18:16:00,18:19:00,18:24:00,8:25:00,8:50:00,9:00:00,9:25:00,10:00:00,13:40:00,14:45:00,18:11:00,18:18:00,18:20:00,6:45:00,7:00:00,8:09:00,8:45:00,8:50:00,9:10:00,9:30:00,9:53:00,13:00:00,13:12:00,13:30:00,18:21:00,18:27:00,6:54:00,7:58:00,9:10:00,10:00:00,10:25:00,10:45:00,11:07:00,12:32:00,13:30:00,13:45:00,13:48:00,17:33:00,18:12:00,18:28:00,7:02:00,8:45:00,9:30:00,10:23:00,10:34:00,10:36:00,11:50:00,13:01:00,13:42:00,14:15:00,14:50:00,16:17:00,18:13:00,18:22:00,6:30:00,7:00:00,7:05:00,7:11:00,7:15:00,7:32:00,7:32:00,8:25:00,8:30:00,8:30:00,8:39:00,8:45:00,8:45:00,8:45:00,8:46:00,8:47:00,8:55:00,9:10:00,9:10:00,9:45:00,9:46:00,10:00:00,10:00:00,10:09:00,10:10:00,10:13:00,10:15:00,10:20:00,10:24:00,10:25:00,10:30:00,10:30:00,11:00:00,11:01:00,11:07:00,11:15:00,11:19:00,11:53:00,12:47:00,12:55:00,12:59:00,13:43:00,14:39:00,14:51:00,15:15:00,18:23:00,7:16:00,7:28:00,8:30:00,8:45:00,9:12:00,9:40:00,9:50:00,10:29:00,10:45:00,11:55:00,15:57:00,17:22:00,18:15:00,18:23:00,18:43:00,6:27:00,7:45:00,8:15:00,8:15:00,8:30:00,8:54:00,10:45:00,12:29:00,16:07:00,16:32:00,18:18:00,18:33:00,7:12:00,8:00:00,9:27:00,9:30:00,9:48:00,9:50:00,9:50:00,9:55:00,10:22:00,16:44:00,18:09:00,6:55:00,7:05:00,7:11:00,7:18:00,9:03:00,9:42:00,10:19:00,11:02:00,11:34:00,12:20:00,13:30:00,13:40:00,16:50:00,17:43:00,7:17:00,7:33:00,7:42:00,7:50:00,9:10:00,10:20:00,10:40:00,11:23:00,15:00:00,17:06:00,17:45:00,18:37:00,23:45:00,7:54:00,8:20:00,8:29:00,8:30:00,8:44:00,12:00:00,13:18:00,13:23:00,13:40:00,13:40:00,14:55:00,16:06:00,17:01:00,18:37:00,18:45:00,0:00:00,6:30:00,6:58:00,7:09:00,7:14:00,7:37:00,7:42:00,7:45:00,8:05:00,8:10:00,8:34:00,8:35:00,8:38:00,8:40:00,8:55:00,8:58:00,9:16:00,9:29:00,9:30:00,9:50:00,10:00:00,10:05:00,10:11:00,10:13:00,10:15:00,10:15:00,10:15:00,10:17:00,10:40:00,10:50:00,13:23:00,14:49:00,17:26:00,23:00:00,6:55:00,7:03:00,7:05:00,8:46:00,9:10:00,9:48:00,10:35:00,11:20:00,13:02:00,13:05:00,13:14:00,13:26:00,13:30:00,13:35:00,13:36:00,14:35:00,6:34:00,6:44:00,6:44:00,7:49:00,7:55:00,8:34:00,8:50:00,9:20:00,9:53:00,11:30:00,11:54:00,12:05:00,12:20:00,12:36:00,14:00:00,14:43:00,7:45:00,9:47:00,10:30:00,10:35:00,12:34:00,12:37:00,13:36:00,14:15:00,14:15:00,16:38:00,17:44:00,18:31:00,6:38:00,6:55:00,8:22:00,8:31:00,8:53:00,9:35:00,12:33:00,13:00:00,13:23:00,15:39:00,15:45:00,16:35:00,17:20:00,7:25:00,7:42:00,7:55:00,10:33:00,13:30:00,17:01:00,17:26:00,6:41:00,8:35:00,10:13:00,12:29:00,13:00:00,13:10:00,14:30:00,15:36:00,15:36:00,16:05:00,17:29:00,6:42:00,7:15:00,7:21:00,7:29:00,7:30:00,7:48:00,7:49:00,8:02:00,8:10:00,8:20:00,8:20:00,8:21:00,8:25:00,8:30:00,8:45:00,8:47:00,8:56:00,9:00:00,9:09:00,9:15:00,9:15:00,9:20:00,9:40:00,9:55:00,9:58:00,10:00:00,10:15:00,10:16:00,10:30:00,10:35:00,10:36:00,10:50:00,11:14:00,11:19:00,11:19:00,11:30:00,11:30:00,11:38:00,12:29:00,13:31:00,18:37:00,20:36:00
1,1,2,1,1,1,1,1,2,1,1,1,1,1,2,1,1,1,1,1,1,1,1,1,2,2,1,1,1,1,1,2,1,1,1,1,2,2,2,2,1,1,1,2,2,1,1,1,1,1,1,2,1,1,1,2,2,1,1,1,1,1,1,1,1,1,1,1,1,1,1,1,1,1,1,1,1,1,1,1,1,1,1,1,1,1,2,2,1,1,1,1,1,1,1,1,1,1,2,1,1,1,1,1,1,1,2,1,1,2,1,1,2,1,1,1,2,1,2,2,1,1,1,1,1,1,2,1,2,2,1,1,1,2,1,1,1,1,1,1,1,1,1,2,1,1,1,2,1,1,1,1,1,1,1,2,1,1,1,1,1,1,1,1,1,1,1,1,1,1,1,1,1,1,1,1,1,1,1,2,2,1,1,1,1,1,1,1,1,1,1,1,1,2,2,1,1,1,1,1,2,1,1,1,2,1,1,1,1,1,1,1,1,2,1,1,1,2,1,1,1,1,1,1,1,1,2,1,2,1,1,1,1,1,1,2,1,1,1,1,1,1,1,1,1,1,1,1,2,1,1,2,2,1,1,2,1,1,1,1,1,1,1,1,1,2,1,1,1,3,1,1,1,3,2,1,1,1,1,1,1,1,1,2,1,3,2,1,1,1,1,1,1,1,1,2,2,1,1,2,1,1,1,1,1,1,1,1,1,1,1,1,2,1,1,2,1,1,1,2,1,1,1,1,1,1,1,1,1,1,2,1,2,1,1,2,2,3,1,1,1,2,1,1,1,2,1,1,1,2,2,1,1,1,1,1,2,2,1,2,2,1,1,2,1,1,1,1,1,2,1,1,1,1,1,2,1,1,1,1,1,3,1,1,1,1,1,1,1,1,1,3,1,1,1,1,2,1,1,1,1,1,1,1,1,1,1,1,1,1,1,1,1,1,1,1,1,2,1,2,1,1,1,1,1,1,1,1,1,1,1,1,1,1,1,2,1,1,1,1,1,1,1,2,1,2,2,3,1,1,1,1,1,1,2,1,1,1,1,2,1,3,1,1,2,2,1,2,1,1,1,1,1,2,1,1,2,1,2,1,1,2,2,1,1,1,1,2,2,2,1,2,1,1
0,0,2,0,0,0,0,0,2,0,0,0,0,0,2,0,0,0,0,0,0,0,0,0,2,2,0,0,0,0,0,2,0,0,0,0,2,2,2,2,0,0,0,2,2,0,0,0,0,0,0,2,0,0,0,2,2,0,0,0,0,0,0,0,0,0,0,0,0,0,0,0,0,0,0,0,0,0,0,0,0,0,0,0,0,0,2,2,0,0,0,0,0,0,0,0,0,0,2,0,0,0,0,0,0,0,2,0,0,2,0,0,2,0,0,0,2,0,2,2,0,0,0,0,0,0,2,0,2,2,0,0,0,2,0,0,0,0,0,0,0,0,0,2,0,0,0,2,0,0,0,0,0,0,0,0,0,0,0,0,0,0,0,0,0,0,0,0,0,0,0,0,0,0,0,0,0,0,0,2,2,0,0,0,0,0,0,0,0,0,0,0,0,2,2,0,0,0,0,0,2,0,0,0,2,0,0,0,0,0,0,0,0,2,0,0,0,2,0,0,0,0,0,0,0,0,2,0,2,0,0,0,0,0,0,2,0,0,0,0,0,0,0,0,0,0,0,0,2,0,0,2,2,0,0,2,0,0,0,0,0,0,0,0,0,2,0,0,0,2,0,0,0,2,2,0,0,0,0,0,0,0,0,1,0,1,1,0,0,0,0,0,0,0,0,2,2,0,0,2,0,0,0,0,0,0,0,0,0,0,0,0,2,0,0,2,0,0,0,2,0,0,0,0,0,0,0,0,0,0,2,0,2,0,0,2,2,1,0,0,0,2,0,0,0,2,0,0,0,2,2,0,0,0,0,0,2,2,0,2,2,0,0,2,0,0,0,0,0,2,0,0,0,0,0,0,0,0,0,0,0,2,0,0,0,0,0,0,0,0,0,2,0,0,0,0,2,0,0,0,0,0,0,0,0,0,0,0,0,0,0,0,0,0,0,0,0,1,0,2,0,0,0,0,0,0,0,0,0,0,0,0,0,0,0,2,0,0,0,0,0,0,0,2,0,2,1,1,0,0,0,0,0,0,2,0,0,0,0,1,0,1,0,0,2,1,0,1,0,0,0,0,0,2,0,0,1,0,2,0,0,1,2,0,0,0,0,2,1,1,0,2,0,0
1,1,1,1,1,1,1,1,1,1,1,1,1,1,1,1,1,1,1,1,1,1,1,1,1,1,1,1,1,1,1,1,1,1,1,1,1,1,1,1,1,1,1,1,1,1,1,1,1,1,1,2,1,1,1,1,1,1,1,1,1,1,1,1,1,1,1,1,1,1,1,1,1,1,1,1,1,1,1,1,2,1,1,1,1,1,1,1,1,1,1,1,1,1,1,1,1,1,1,3,1,1,1,1,1,1,1,1,1,1,1,1,1,1,1,1,1,1,1,1,1,1,1,1,1,1,1,1,1,1,2,1,1,2,1,1,1,1,1,1,1,1,1,1,1,1,1,1,2,1,1,1,1,1,1,3,3,3,3,3,1,2,1,1,1,1,1,1,1,1,1,1,1,1,1,1,1,1,1,1,1,1,1,1,1,1,3,1,1,1,1,1,1,1,2,1,1,1,1,2,1,1,1,1,1,1,1,1,1,2,1,3,1,2,1,1,1,1,1,1,1,1,1,1,1,1,1,1,1,1,1,1,1,1,1,1,1,1,1,1,1,1,1,1,1,1,1,1,1,1,1,1,1,1,1,1,1,2,1,1,1,2,1,1,1,1,1,1,1,1,1,1,1,1,3,1,1,1,1,1,1,1,1,1,1,1,1,3,1,3,1,1,1,1,1,1,1,1,1,1,3,1,1,1,1,1,1,1,1,1,2,3,2,1,1,1,1,1,1,1,1,1,1,2,1,2,1,1,1,1,1,1,1,1,2,1,2,1,1,1,1,2,1,1,1,1,1,1,1,1,1,1,1,1,1,1,1,1,1,1,1,1,1,1,1,1,1,1,1,1,1,2,1,1,1,1,2,1,1,1,1,1,1,1,1,2,2,2,2,3,1,1,2,1,1,1,1,1,1,1,1,1,2,1,1,3,3,1,1,1,2,1,1,3,2,1,1,1,2,1,3,1,1,1,1,1,1,3,1,1,2,2,2,3,1,1,1,1,1,1,2,1,1,1,3,1,1,2,2,2,1,3,1,1,1,1,1,1,1,1,1,1,1,1,1,2,1,1,1,1,1,1,2,1,1,1,1,1,1,1,2,1,1,1,1,1,1,1,1,1,1,1,1,1
1,1,2,2,1,1,1,1,2,1,1,1,1,1,2,2,1,1,1,1,1,1,1,2,2,3,1,1,1,1,1,2,1,2,2,2,2,2,1,2,2,1,2,1,2,1,1,2,1,2,2,1,2,2,2,1,2,1,1,1,2,1,1,2,2,1,1,2,1,1,2,1,1,1,1,1,1,1,2,2,2,1,1,1,2,1,1,3,1,1,1,1,1,2,2,1,1,2,2,1,2,1,1,1,1,1,3,1,2,2,2,1,1,2,2,1,2,2,2,2,1,1,2,2,1,1,2,2,2,2,1,1,2,2,1,1,2,2,2,2,1,1,2,2,1,1,2,2,2,1,1,1,1,1,2,2,1,2,2,2,2,2,1,1,1,1,2,1,1,1,1,1,1,1,1,1,2,2,1,2,2,1,2,1,1,1,1,1,1,1,1,1,2,2,2,1,1,1,2,1,2,1,1,1,2,2,1,1,2,1,1,1,1,2,1,1,1,1,1,1,1,1,2,1,1,3,2,2,2,1,2,1,1,1,3,1,1,1,1,1,1,2,1,1,2,2,1,2,2,2,2,2,2,1,1,2,2,1,2,1,1,2,1,1,1,2,2,1,2,2,1,1,2,2,2,1,1,1,1,2,2,1,1,1,2,2,2,1,1,2,1,1,2,1,1,2,2,1,2,2,1,2,1,1,1,1,2,2,2,1,3,1,2,2,1,1,2,1,1,1,2,1,1,2,1,3,2,2,1,1,2,2,1,1,1,1,2,1,1,1,2,2,2,1,1,1,2,1,1,2,2,2,2,1,1,2,2,3,1,3,2,1,1,2,2,1,1,1,1,2,1,1,1,1,1,1,1,2,1,1,1,1,1,1,2,1,1,1,3,1,2,2,1,1,1,1,2,1,1,1,2,1,2,1,1,1,2,2,1,1,1,1,1,1,1,2,2,1,1,2,2,1,1,2,1,2,1,1,1,2,1,3,2,1,1,2,1,1,2,2,1,1,1,1,1,2,2,2,1,1,1,1,1,1,2,1,1,1,1,1,1,1,1,2,2,1,1,2,2,1,1,2,2,1,1,2,1,1,2,2,1,2,2,2,1,1,1,2,1,2,1,2,2,1
1,1,1,1,1,1,1,1,1,1,1,1,2,1,2,1,1,1,1,1,3,1,1,1,1,2,1,1,1,1,2,3,2,1,2,1,2,1,1,2,1,2,1,1,1,1,1,1,1,1,1,1,1,1,3,1,1,1,1,1,2,1,1,1,1,1,1,2,2,1,2,1,1,1,1,1,2,2,1,3,1,1,1,1,2,1,2,1,1,1,1,1,1,1,1,2,1,1,2,1,1,1,1,1,2,1,1,1,2,1,2,1,2,1,1,1,1,1,2,1,1,2,1,1,1,1,1,1,2,2,1,1,1,1,1,1,1,1,1,2,1,1,1,2,1,1,2,1,1,2,1,2,1,1,2,2,1,1,1,1,1,1,1,1,1,1,1,2,1,1,1,2,1,1,1,1,1,1,1,1,1,1,1,1,1,1,1,1,1,2,2,2,1,2,1,1,1,1,2,2,1,1,1,2,1,1,2,1,2,2,2,1,1,1,1,1,1,1,2,2,1,2,2,1,1,3,1,1,3,1,3,1,1,1,3,3,2,1,1,2,1,2,2,2,3,1,1,1,1,1,1,1,3,1,1,1,1,1,2,2,1,1,1,1,1,1,1,2,1,3,1,2,1,2,1,1,1,1,1,1,1,1,2,1,1,3,2,1,1,2,1,1,1,1,1,1,1,1,1,3,2,1,1,1,1,1,1,1,3,1,2,1,3,1,3,2,1,1,1,3,1,1,2,1,1,2,2,2,1,1,1,1,2,1,1,1,1,2,1,1,1,1,1,1,1,2,1,1,1,1,1,1,1,1,1,1,2,1,1,1,2,1,1,3,3,1,1,1,1,1,1,2,1,2,2,1,1,2,1,1,1,2,2,1,1,1,1,1,1,2,1,3,1,1,1,1,1,2,1,1,1,1,3,1,1,1,1,2,2,1,1,2,1,2,1,1,2,3,1,3,3,1,1,1,2,2,3,1,3,1,1,3,1,1,1,2,1,2,1,1,1,1,1,2,1,1,2,2,1,1,1,2,1,2,1,1,1,2,1,2,1,1,1,1,1,1,1,2,2,1,1,2,1,2,1,2,1,1,1,2,1,2,2,1,3,1,1,2,2,1,2,2,3,2
2,1,1,1,1,1,1,1,1,1,1,1,2,1,1,1,1,2,1,2,2,1,3,1,1,2,1,1,1,1,1,3,1,1,2,1,1,1,1,2,1,1,2,1,1,2,1,2,1,1,1,1,1,1,2,1,2,1,1,1,1,1,1,1,1,1,1,1,1,1,1,1,1,2,1,1,1,1,2,1,2,2,1,1,1,2,1,1,1,1,1,1,1,1,1,3,1,1,1,1,1,1,1,1,1,1,2,1,2,3,1,1,1,1,1,2,2,2,1,1,1,1,1,1,1,1,1,1,2,1,1,1,2,2,2,1,1,1,1,1,1,2,2,1,1,1,1,1,1,1,1,1,2,1,1,2,2,2,2,2,1,1,1,1,1,1,1,1,2,1,1,1,2,1,1,1,2,1,1,1,1,2,1,1,2,1,2,1,1,2,1,1,1,1,2,3,1,2,1,2,1,1,1,1,2,1,1,1,1,1,1,1,1,1,1,1,1,1,1,1,2,1,3,1,1,1,1,3,1,1,2,1,1,2,2,1,1,1,3,1,1,1,1,1,2,2,1,2,1,3,2,3,2,2,1,2,1,2,1,1,1,2,1,1,1,1,1,1,2,1,1,1,1,1,1,1,1,1,2,1,3,1,3,1,1,1,1,1,1,1,2,1,1,1,1,1,1,2,1,1,1,2,2,1,1,1,2,2,1,1,2,1,1,1,3,1,1,1,2,1,1,2,2,2,1,2,1,1,1,1,2,1,1,2,1,1,1,1,1,1,2,2,2,1,2,2,1,1,2,1,2,2,1,1,1,1,2,2,3,2,1,2,1,3,1,1,2,1,2,1,1,1,2,1,1,2,3,1,1,2,1,1,1,2,2,2,2,3,1,1,1,1,3,2,1,1,2,1,1,3,1,1,1,1,1,3,1,1,1,1,1,1,1,1,3,1,1,1,2,1,1,1,2,1,1,2,2,1,2,1,2,1,2,1,1,2,1,1,1,2,2,2,1,2,2,1,1,2,2,2,1,2,2,1,1,2,3,1,2,1,1,1,1,2,2,2,3,1,2,1,2,1,2,1,1,1,1,1,1,1,2,2,2,1,1,2,2,1,1,2,1,1,1,1
2,1,1,2,1,1,1,1,1,1,1,1,1,1,1,2,1,1,1,2,1,1,1,1,1,1,1,1,2,1,1,1,1,1,1,2,1,2,2,1,1,1,1,1,1,1,1,1,1,1,1,1,1,1,2,2,1,2,2,1,1,1,1,1,1,1,3,3,3,1,1,2,1,1,1,3,1,2,2,3,1,1,1,1,3,2,1,1,2,1,1,1,1,2,1,1,1,1,1,1,1,1,1,1,2,1,1,1,2,1,2,1,1,1,2,1,1,1,1,1,1,1,1,1,2,1,1,1,1,1,1,2,1,1,1,1,1,1,1,2,1,1,1,1,1,1,2,2,2,1,1,1,1,2,1,1,1,1,1,1,2,1,1,1,1,1,1,1,2,1,2,2,2,1,1,1,1,1,2,1,1,1,1,1,1,1,1,1,1,2,1,1,1,2,1,2,1,1,1,1,2,1,1,1,1,2,1,2,1,1,1,1,1,1,1,1,1,1,3,3,1,1,3,1,2,1,1,2,3,1,3,3,1,1,3,1,3,2,1,3,1,2,2,1,2,1,2,2,1,2,1,1,2,2,2,2,1,2,2,2,1,1,1,1,1,1,1,1,1,1,1,1,1,1,1,1,1,1,1,1,1,1,1,1,1,1,1,1,1,1,1,1,1,1,1,1,1,1,1,1,2,1,1,1,1,2,2,2,2,3,1,1,3,1,2,1,2,1,1,2,2,1,2,1,1,2,3,3,1,1,1,1,1,1,1,1,1,1,2,1,1,1,1,1,1,1,1,1,1,1,1,2,1,1,1,1,1,1,1,2,1,1,1,1,2,2,2,1,1,1,1,1,1,2,1,1,1,1,1,1,1,1,1,1,1,1,1,1,1,1,1,1,1,1,2,2,1,2,1,1,2,2,2,1,2,1,2,2,3,1,1,1,2,1,2,2,2,3,1,2,1,1,1,3,2,2,1,1,3,2,1,3,3,1,1,2,2,2,1,1,1,1,1,1,1,1,1,1,1,1,1,1,1,1,1,1,1,2,1,1,2,1,2,2,1,1,1,1,1,1,1,1,1,1,1,2,1,1,2,2,1,2,1,1,2,1,1,1,1,2,1,1,2,2
66,67.8,69.1,69.3,72.3,69.8,73.4,62.6,69.8,67,64.4,69.3,69.1,70.2,70.6,68.1,70,64,64.4,69.8,68,68,64.4,67.9,71.6,72.9,70.7,64.8,72,68.7,71.6,70.5,70.5,71.1,71.6,66,71.2,71.6,71.1,75.9,72.1,74.7,72.9,73,76.1,67.1,63.7,75.2,67,71.6,73.1,71.4,71.6,75.4,74.1,77,81.1,69,67.8,72.7,76.4,72.5,74.1,69.3,75.9,68,69.8,69.8,72,68.4,73.9,62.6,69.3,68,67,69.1,71.1,72.7,69.1,75,74.1,61,64,64.4,68,66,64.9,68,64,61.2,69.4,70.5,67.8,67.5,67.5,68,69.8,68.7,70.9,69.9,75.2,65,65.1,68,66.2,67.5,68.4,66.4,68.4,66,67.1,68.5,67.1,67.5,67.5,69.8,68.7,69.1,69.4,68.5,68.9,68,67.1,70,69.4,66.4,68.9,68,70.2,71.1,71.1,71.5,72.9,72.3,71.6,68,68,69.1,69.1,69.1,69.1,70.4,69.1,68.9,71.4,70.9,75.6,78.8,77,73.8,70,71.2,68.2,72.3,75.2,72,82,76,82,78.8,77.5,76.8,78.8,82,76,82,70.3,72,68,71.6,71.2,71.1,68.9,73,82,70,68.7,68.2,69,69.8,70.3,65.5,69.8,68.4,74.3,75,82,74,79,72,73,71.6,71.8,72.5,70.7,75.2,75.2,77,80.2,74.8,75.9,73,78.4,76,76.3,72.3,72.7,76.1,77,76.5,77.7,82.2,79.2,76.1,80,77,83,71,73,74.1,68,72,71.6,70,70.3,72.3,74.8,73.4,70.9,74.1,72.1,74.7,68.5,74.7,71.8,72.7,70.9,69.3,75.2,71.2,73.4,70.5,75.6,76.3,70.5,74.8,74.7,72.7,75.7,72.7,75.7,73.4,75,73.4,71.2,72.9,72.3,72.7,71.4,72.1,74.1,75.6,75.2,68.8,68,72.9,71.1,72.7,71.6,75.2,75.2,75.2,76.1,80.4,78.5,76.6,76.6,78.6,72,73,71.9,74.5,73.2,75.6,75.2,79.8,82.6,78,80,84.2,74.1,73,75.4,76.3,78.1,78.1,78.1,78.1,79,70.1,81,75.6,76.1,71.3,73,70.2,75.2,74.3,79.3,77.5,84,84.2,77.4,72.3,82.8,77,71.4,73,66,76.7,72.5,75.4,73.1,80.8,80.1,84,79.4,75.6,72,72.7,71.3,74.7,77,76.5,77.9,76.1,76.1,77.5,85.6,77.7,74.7,80.6,76.3,76.6,73.3,76.3,73.4,73,73,77,73.4,72.7,76.5,76.5,74.8,75.2,77,75.7,74.7,74.2,76.3,75.9,72.1,76.3,76.3,75.5,72.7,74.1,73,75.2,75.9,73.4,72.7,75.9,79.9,77.7,76.5,72.3,71,70.9,75.9,74.4,77.5,76.6,78,82.7,82.7,77.6,81.7,80.4,80.1,78.3,77.6,73.4,75,75,73,76.3,76.5,74.7,75.2,77.4,80.4,78.8,80.1,79,83,81.1,80.1,77,75.2,75.7,77.4,81,79.7,79,83.5,82.4,81.4,70.7,78,72.3,73,74.8,75.2,74.1,77.2,82,79.9,80.6,77,79.7,79,81.6,73.4,73.9,72,72.1,78.4,78.8,80.1,68.1,71,76.1,77,80.6,80.6,79.5,75,75,72,79.5,73.6,73.8,74,73.4,76.3,75.2,75.7,77,73.4,75.2,73,77.4,74.5,75,74.7,75.2,74.7,74.7,76.1,75.9,75.6,76.8,75.2,75,77.7,75.7,76.5,75.9,77,75.6,76,78.1,78,74.7,76.5,66.7,77,79.2,77,80.6,78.8,78.8
120,120,120,120,120,100,120,120,110,120,120,120,45,120,120,65,120,120,120,120,40,120,120,120,100,50,110,120,120,120,66,44,90,120,120,120,87,120,74,91,117,45,83,120,117,120,120,120,120,112,120,96,120,120,40,97,100,120,120,110,54,120,120,120,120,120,101,62,75,120,56,120,120,120,120,120,90,42,100,45,120,120,120,120,110,120,69,120,120,12,120,120,94,120,118,81,120,120,67,120,115,85,120,120,41.5,120,120,120,120,120,119,86,100,120,111,120,120,105,120,120,120,41,120,120,120,120,115,120,82,95,120,120,93,105.5,116,72,120,120,120,45,100,120,120,90,120,120,41,94,102,48.2,120,76,120,120,49,45,99,120,95,95,120,115,95,95,120,99,120,76,100,120,72,90,104,112,26,120,120,105,81,120,120,120,120,88,120,120,99,120,80,35,85,73,120,70,120,120,120,120,36,82,120,112,118,42,120,120,71,120,37,69,120,85,120,120,75,106,105,120,53,46,120,52,75,120,120,87,120,120,37,120,48,120,120,118,25,120,53,120,120,120,120,92,100,37,78,120,120,120,120,120,118,70,50,120,120,120,94,120,50,80,79,114,120,120,120,120,120,73,120,55,120,62,120,101,97,113,114,120,120,120,120,120,73,120,120,120,90,120,62,42,120,91,120,48,120,120,120,120,120,90,77,120,115,120,103,120,120,120,45,110,49,70,48,120,40,85,120,120,120,61,120,73,61,110,101,62,86,90,120,120,120,120,80,120,63,120,120,90,97,120,90,115,97,110,120,80,120,120,120,120,120,97,120,120,68,120,60,120,120,42,97,120,120,46,95,120,88,120,120,120,120,100,120,83,66,92,120,95,95,109,120,63,113,87,120,78,78,120,70,54,102,17,120,120,63,63,120,111,120,81,120,120,75,90,83,80,47,35,70.8,85,76,52,103,112,100,120,66,30,100,82,42,120,93,120,70,75,60,110,30,82,112,45,46.6,101,120,50,101,54,90,103,85,120,102,51,120,71,71,82.3,100,100,120,61,120,44,120,120,108,120,100,96,120,55,110,120,120,110,97,103,77,67,120,56,111,100,110,85.5,75,110,117,85,120,98,110,120,60,35,120,112,100,79,108,39,31.8,90
0,0,0,0,0,0,0,0,0,0,0,0,1,0,0,0,0,0,0,0,1,0,0,0,0,1,0,0,0,0,0,1,0,0,0,0,0,0,0,0,0,1,0,0,0,0,0,0,0,0,0,0,0,0,1,0,0,0,0,0,0,0,0,0,0,0,0,0,0,0,0,0,0,0,0,0,0,1,0,1,0,0,0,0,0,0,0,0,0,1,0,0,0,0,0,0,0,1,0,0,0,0,0,0,1,0,0,0,0,0,0,0,1,0,0,0,0,0,0,0,0,1,0,0,0,0,1,0,0,0,0,0,0,0,0,0,0,0,0,1,0,0,0,1,0,0,1,0,0,1,0,0,0,0,1,1,0,0,0,0,0,0,0,0,0,0,0,0,0,0,0,0,0,0,1,0,0,0,0,0,0,0,0,0,0,0,0,0,0,1,0,0,0,0,0,0,0,0,1,0,0,0,0,1,0,0,0,0,1,0,0,0,0,0,0,0,0,0,0,1,0,0,0,0,0,1,0,0,1,0,1,0,0,0,1,1,0,0,0,0,0,0,0,1,0,0,0,0,0,0,0,0,1,1,0,0,0,0,1,0,0,0,0,0,0,0,0,0,0,0,0,0,0,1,0,0,0,0,0,0,1,0,0,0,0,1,0,0,0,1,0,0,0,1,0,0,0,0,0,0,0,0,0,0,0,0,0,0,1,0,1,0,1,0,1,0,0,0,0,1,0,0,0,0,0,0,0,0,0,0,0,0,0,0,0,0,0,1,0,0,0,0,0,0,0,0,0,0,0,0,0,0,0,0,0,0,0,0,0,1,0,0,0,1,0,0,0,0,0,0,0,0,0,0,0,0,0,0,0,0,0,0,1,0,0,0,0,0,0,0,0,1,0,0,0,0,0,0,0,0,0,0,0,0,0,0,1,1,0,0,0,0,0,0,0,0,0,1,0,0,1,0,0,0,0,0,0,0,1,0,0,1,1,0,0,1,0,0,0,0,0,0,0,0,0,0,0,0,0,0,0,0,0,1,0,0,0,1,0,0,0,0,0,0,0,0,0,0,0,0,0,0,0,0,0,0,0,0,0,0,0,0,0,0,0,1,0,0,0,1,1,1,1,0
