965-2015,1131-2015,1132-2015,1133-2015,1197-2015,949-2015,1134-2015,925-2015,1135-2015,1136-2015,989-2015,1137-2015,990-2015,1138-2015,991-2015,1139-2015,992-2015,926-2015,936-2015,1140-2015,993-2015,1198-2015,950-2015,1141-2015,937-2015,1142-2015,1143-2015,967-2015,1144-2015,994-2015,1145-2015,995-2015,996-2015,1146-2015,997-2015,1147-2015,1199-2015,951-2015,998-2015,927-2015,1148-2015,999-2015,1149-2015,1150-2015,1000-2015,1151-2015,1001-2015,1152-2015,968-2015,1002-2015,1003-2015,1153-2015,1154-2015,1004-2015,952-2015,1200-2015,928-2015,1005-2015,1155-2015,938-2015,1156-2015,1006-2015,1157-2015,1007-2015,1008-2015,1158-2015,1159-2015,1009-2015,1010-2015,1160-2015,1011-2015,1201-2015,953-2015,969-2015,929-2015,1012-2015,1161-2015,1013-2015,1162-2015,1163-2015,1014-2015,939-2015,940-2015,1164-2015,1015-2015,941-2015,1165-2015,1016-2015,942-2015,1017-2015,943-2015,1018-2015,1202-2015,930-2015,1019-2015,970-2015,1166-2015,954-2015,1020-2015,1167-2015,1168-2015,1021-2015,1022-2015,1169-2015,1170-2015,1023-2015,1024-2015,1171-2015,1025-2015,1203-2015,1026-2015,931-2015,944-2015,1172-2015,1027-2015,971-2015,1173-2015,1028-2015,1174-2015,1029-2015,1175-2015,1030-2015,1031-2015,1176-2015,1032-2015,1177-2015,1204-2015,932-2015,1033-2015,1178-2015,1034-2015,972-2015,1179-2015,1035-2015,1036-2015,1180-2015,1037-2015,1038-2015,1039-2015,955-2015,973-2015,1040-2015,1205-2015,1041-2015,1181-2015,1042-2015,1043-2015,1182-2015,1044-2015,1045-2015,945-2015,1046-2015,1183-2015,956-2015,1047-2015,933-2015,1211-2015,1206-2015,1048-2015,1049-2015,974-2015,1184-2015,1050-2015,1051-2015,1052-2015,1185-2015,1053-2015,1207-2015,958-2015,1054-2015,975-2015,934-2015,1055-2015,1186-2015,1056-2015,1057-2015,1058-2015,1059-2015,1187-2015,1060-2015,959-2015,1208-2015,1061-2015,935-2015,976-2015,1062-2015,1063-2015,1064-2015,1065-2015,1066-2015,1188-2015,960-2015,977-2015,1067-2015,1212-2015,1209-2015,1068-2015,946-2015,1189-2015,1069-2015,1190-2015,1070-2015,1071-2015,1191-2015,1454-2016,1560-2016,1545-2016,1453-2016,1330-2016,1349-2016,1575-2016,1517-2016,1452-2016,1450-2016,1451-2016,1449-2016,1448-2016,1443-2016,1480-2016,1332-2016,1447-2016,1351-2016,1559-2016,1516-2016,1315-2016,1574-2016,1445-2016,1446-2016,1444-2016,1442-2016,1473-2016,1438-2016,1482-2016,1441-2016,1544-2016,1440-2016,1329-2016,1309-2016,1562-2016,1348-2016,1439-2016,1503-2016,1437-2016,1478-2016,1501-2016,1435-2016,1436-2016,1557-2016,1434-2016,1483-2016,1543-2016,1433-2016,1340-2016,1504-2016,1558-2016,1432-2016,1352-2016,1328-2016,1304-2016,1564-2016,1431-2016,1505-2016,1430-2016,1475-2016,1472-2016,1573-2016,1485-2016,1327-2016,1342-2016,1556-2016,1306-2016,1428-2016,1506-2016,1429-2016,1416-2016,1427-2016,1344-2016,1424-2016,1426-2016,1555-2016,1423-2016,1476-2016,1326-2016,1563-2016,1314-2016,1477-2016,1425-2016,1339-2016,1422-2016,1421-2016,1363-2016,1418-2016,1515-2016,1420-2016,1419-2016,1325-2016,1364-2016,1513-2016,1338-2016,1417-2016,1305-2016,1572-2016,1554-2016,1406-2016,1415-2016,1541-2016,1414-2016,1413-2016,1353-2016,1337-2016,1408-2016,1514-2016,1512-2016,1410-2016,1407-2016,1571-2016,1553-2016,1324-2016,1511-2016,1361-2016,1409-2016,1336-2016,1317-2016,1411-2016,1489-2016,1412-2016,1500-2016,1365-2016,1360-2016,1405-2016,1403-2016,1552-2016,1404-2016,1319-2016,1341-2016,1568-2016,1359-2016,1402-2016,1313-2016,1509-2016,1401-2016,1400-2016,1510-2016,1335-2016,1394-2016,1399-2016,1323-2016,1570-2016,1312-2016,1393-2016,1397-2016,1398-2016,1551-2016,1358-2016,1396-2016,1391-2016,1395-2016,1549-2016,1387-2016,1334-2016,1357-2016,1569-2016,1318-2016,1382-2016,1311-2016,1392-2016,1389-2016,1390-2016,1388-2016,1379-2016,1376-2016,1550-2016,1322-2016,1307-2016,1567-2016,1343-2016,1350-2016,1386-2016,1380-2016,1385-2016,1384-2016,1368-2016,1548-2016,1372-2016,1356-2016,1345-2016,1320-2016,1308-2016,1566-2016,1381-2016,1369-2016,1508-2016,1383-2016,1374-2016,1377-2016,1507-2016,1378-2016,1670-2017,1608-2017,1594-2017,1773-2017,1582-2017,1671-2017,1818-2017,1774-2017,1672-2017,1775-2017,1673-2017,1674-2017,1675-2017,1609-2017,1776-2017,1800-2017,1595-2017,1819-2017,1676-2017,1583-2017,1610-2017,1677-2017,1678-2017,1679-2017,1680-2017,1777-2017,1681-2017,1801-2017,1682-2017,1611-2017,1802-2017,1596-2017,1820-2017,1683-2017,1584-2017,1612-2017,1778-2017,1684-2017,1685-2017,1686-2017,1779-2017,1687-2017,1613-2017,1688-2017,1689-2017,1780-2017,1803-2017,1821-2017,1781-2017,1585-2017,1614-2017,1597-2017,1782-2017,1615-2017,1690-2017,1783-2017,1691-2017,1804-2017,1692-2017,1822-2017,1598-2017,1784-2017,1785-2017,1693-2017,1694-2017,1786-2017,1695-2017,1696-2017,1697-2017,1698-2017,1787-2017,1616-2017,1699-2017,1586-2017,1788-2017,1805-2017,1700-2017,1701-2017,1789-2017,1790-2017,1702-2017,1703-2017,1617-2017,1791-2017,1704-2017,1806-2017,1618-2017,1600-2017,1825-2017,1705-2017,1706-2017,1707-2017,1708-2017,1709-2017,1710-2017,1826-2017,1619-2017,1711-2017,1587-2017,1601-2017,1807-2017,1712-2017,1792-2017,1713-2017,1620-2017,1714-2017,1715-2017,1793-2017,1716-2017,1717-2017,1794-2017,1808-2017,1827-2017,1621-2017,1588-2017,1718-2017,1719-2017,1622-2017,1720-2017,1721-2017,1722-2017,1723-2017,1795-2017,1724-2017,1796-2017,1589-2017,1725-2017,1809-2017,1623-2017,1624-2017,1590-2017,1810-2017,1726-2017,1828-2017,1727-2017,1625-2017,1728-2017,1797-2017,1729-2017,1730-2017,1626-2017,1731-2017,1811-2017,1732-2017,1602-2017,1733-2017,1627-2017,1734-2017,1591-2017,1829-2017,1830-2017,1735-2017,1736-2017,1628-2017,1737-2017,1812-2017,1603-2017,1592-2017,1738-2017,1831-2017,1739-2017,1832-2017,1740-2017,1833-2017,1741-2017,1813-2017,1604-2017
WaubesaPier4,WaubesaPier6,WaubesaPier6,WaubesaPier6,WaubesaPier7,WaubesaPier3,WaubesaPier6,WaubesaBeach1,WaubesaPier6,WaubesaPier6,WaubesaPier5,WaubesaPier6,WaubesaPier5,WaubesaPier6,WaubesaPier5,WaubesaPier6,WaubesaPier5,WaubesaBeach1,WaubesaPier2,WaubesaPier6,WaubesaPier5,WaubesaPier7,WaubesaPier3,WaubesaPier6,WaubesaPier2,WaubesaPier6,WaubesaPier6,WaubesaPier4,WaubesaPier6,WaubesaPier5,WaubesaPier6,WaubesaPier5,WaubesaPier5,WaubesaPier6,WaubesaPier5,WaubesaPier6,WaubesaPier7,WaubesaPier3,WaubesaPier5,WaubesaBeach1,WaubesaPier6,WaubesaPier5,WaubesaPier6,WaubesaPier6,WaubesaPier5,WaubesaPier6,WaubesaPier5,WaubesaPier6,WaubesaPier4,WaubesaPier5,WaubesaPier5,WaubesaPier6,WaubesaPier6,WaubesaPier5,WaubesaPier3,WaubesaPier7,WaubesaBeach1,WaubesaPier5,WaubesaPier6,WaubesaPier2,WaubesaPier6,WaubesaPier5,WaubesaPier6,WaubesaPier5,WaubesaPier5,WaubesaPier6,WaubesaPier6,WaubesaPier5,WaubesaPier5,WaubesaPier6,WaubesaPier5,WaubesaPier7,WaubesaPier3,WaubesaPier4,WaubesaBeach1,WaubesaPier5,WaubesaPier6,WaubesaPier5,WaubesaPier6,WaubesaPier6,WaubesaPier5,WaubesaPier2,WaubesaPier2,WaubesaPier6,WaubesaPier5,WaubesaPier2,WaubesaPier6,WaubesaPier5,WaubesaPier2,WaubesaPier5,WaubesaPier2,WaubesaPier5,WaubesaPier7,WaubesaBeach1,WaubesaPier5,WaubesaPier4,WaubesaPier6,WaubesaPier3,WaubesaPier5,WaubesaPier6,WaubesaPier6,WaubesaPier5,WaubesaPier5,WaubesaPier6,WaubesaPier6,WaubesaPier5,WaubesaPier5,WaubesaPier6,WaubesaPier5,WaubesaPier7,WaubesaPier5,WaubesaBeach1,WaubesaPier2,WaubesaPier6,WaubesaPier5,WaubesaPier4,WaubesaPier6,WaubesaPier5,WaubesaPier6,WaubesaPier5,WaubesaPier6,WaubesaPier5,WaubesaPier5,WaubesaPier6,WaubesaPier5,WaubesaPier6,WaubesaPier7,WaubesaBeach1,WaubesaPier5,WaubesaPier6,WaubesaPier5,WaubesaPier4,WaubesaPier6,WaubesaPier5,WaubesaPier5,WaubesaPier6,WaubesaPier5,WaubesaPier5,WaubesaPier5,WaubesaPier3,WaubesaPier4,WaubesaPier5,WaubesaPier7,WaubesaPier5,WaubesaPier6,WaubesaPier5,WaubesaPier5,WaubesaPier6,WaubesaPier5,WaubesaPier5,WaubesaPier2,WaubesaPier5,WaubesaPier6,WaubesaPier3,WaubesaPier5,WaubesaBeach1,WaubesaPier8,WaubesaPier7,WaubesaPier5,WaubesaPier5,WaubesaPier4,WaubesaPier6,WaubesaPier5,WaubesaPier5,WaubesaPier5,WaubesaPier6,WaubesaPier5,WaubesaPier7,WaubesaPier3,WaubesaPier5,WaubesaPier4,WaubesaBeach1,WaubesaPier5,WaubesaPier6,WaubesaPier5,WaubesaPier5,WaubesaPier5,WaubesaPier5,WaubesaPier6,WaubesaPier5,WaubesaPier3,WaubesaPier7,WaubesaPier5,WaubesaBeach1,WaubesaPier4,WaubesaPier5,WaubesaPier5,WaubesaPier5,WaubesaPier5,WaubesaPier5,WaubesaPier6,WaubesaPier3,WaubesaPier4,WaubesaPier5,WaubesaPier8,WaubesaPier7,WaubesaPier5,WaubesaPier2,WaubesaPier6,WaubesaPier5,WaubesaPier6,WaubesaPier5,WaubesaPier5,WaubesaPier6,WaubesaPier5,WaubesaPier7,WaubesaPier6,WaubesaPier5,WaubesaPark9,WaubesaPier4,WaubesaPier8,WaubesaPier6,WaubesaPier5,WaubesaPier5,WaubesaPier5,WaubesaPier5,WaubesaPier5,WaubesaPier5,WaubesaPier6,WaubesaPark9,WaubesaPier5,WaubesaPier4,WaubesaPier7,WaubesaPier6,WaubesaBeach1,WaubesaPier8,WaubesaPier5,WaubesaPier5,WaubesaPier5,WaubesaPier5,WaubesaPier6,WaubesaPier5,WaubesaPier6,WaubesaPier5,WaubesaPier6,WaubesaPier5,WaubesaPark9,WaubesaBeach1,WaubesaPier8,WaubesaPier4,WaubesaPier5,WaubesaPier6,WaubesaPier5,WaubesaPier6,WaubesaPier6,WaubesaPier5,WaubesaPier5,WaubesaPier7,WaubesaPier5,WaubesaPier6,WaubesaPier6,WaubesaPier5,WaubesaPier2,WaubesaPier6,WaubesaPier7,WaubesaPier5,WaubesaPier4,WaubesaPark9,WaubesaBeach1,WaubesaPier8,WaubesaPier5,WaubesaPier6,WaubesaPier5,WaubesaPier6,WaubesaPier6,WaubesaPier8,WaubesaPier6,WaubesaPark9,WaubesaPier2,WaubesaPier7,WaubesaBeach1,WaubesaPier5,WaubesaPier6,WaubesaPier5,WaubesaPier5,WaubesaPier5,WaubesaPier2,WaubesaPier5,WaubesaPier5,WaubesaPier7,WaubesaPier5,WaubesaPier6,WaubesaPark9,WaubesaPier8,WaubesaBeach1,WaubesaPier6,WaubesaPier5,WaubesaPier2,WaubesaPier5,WaubesaPier5,WaubesaPier4,WaubesaPier5,WaubesaPier6,WaubesaPier5,WaubesaPier5,WaubesaPark9,WaubesaPier4,WaubesaPier6,WaubesaPier2,WaubesaPier5,WaubesaBeach1,WaubesaPier8,WaubesaPier7,WaubesaPier5,WaubesaPier5,WaubesaPier6,WaubesaPier5,WaubesaPier5,WaubesaPier4,WaubesaPier2,WaubesaPier5,WaubesaPier6,WaubesaPier6,WaubesaPier5,WaubesaPier5,WaubesaPier8,WaubesaPier7,WaubesaPark9,WaubesaPier6,WaubesaPier4,WaubesaPier5,WaubesaPier2,WaubesaBeach1,WaubesaPier5,WaubesaPier6,WaubesaPier5,WaubesaPier6,WaubesaPier5,WaubesaPier4,WaubesaPier5,WaubesaPier5,WaubesaPier7,WaubesaPier5,WaubesaPark9,WaubesaPier2,WaubesaPier8,WaubesaPier4,WaubesaPier5,WaubesaBeach1,WaubesaPier6,WaubesaPier5,WaubesaPier5,WaubesaPier6,WaubesaPier2,WaubesaPier5,WaubesaPier5,WaubesaPark9,WaubesaPier8,WaubesaBeach1,WaubesaPier5,WaubesaPier5,WaubesaPier5,WaubesaPier7,WaubesaPier4,WaubesaPier5,WaubesaPier5,WaubesaPier5,WaubesaPier7,WaubesaPier5,WaubesaPier2,WaubesaPier4,WaubesaPier8,WaubesaPark9,WaubesaPier5,WaubesaBeach1,WaubesaPier5,WaubesaPier5,WaubesaPier5,WaubesaPier5,WaubesaPier5,WaubesaPier5,WaubesaPier7,WaubesaPark9,WaubesaBeach1,WaubesaPier8,WaubesaPier2,WaubesaPier4,WaubesaPier5,WaubesaPier5,WaubesaPier5,WaubesaPier5,WaubesaPier5,WaubesaPier7,WaubesaPier5,WaubesaPier4,WaubesaPier2,WaubesaPark9,WaubesaBeach1,WaubesaPier8,WaubesaPier5,WaubesaPier5,WaubesaPier6,WaubesaPier5,WaubesaPier5,WaubesaPier5,WaubesaPier6,WaubesaPier5,WaubesaPier5,WaubesaPier4,WaubesaPark9,WaubesaPier6,WaubesaBeach1,WaubesaPier5,WaubesaPier8,WaubesaPier6,WaubesaPier5,WaubesaPier6,WaubesaPier5,WaubesaPier5,WaubesaPier5,WaubesaPier4,WaubesaPier6,WaubesaPier7,WaubesaPark9,WaubesaPier8,WaubesaPier5,WaubesaBeach1,WaubesaPier4,WaubesaPier5,WaubesaPier5,WaubesaPier5,WaubesaPier5,WaubesaPier6,WaubesaPier5,WaubesaPier7,WaubesaPier5,WaubesaPier4,WaubesaPier7,WaubesaPark9,WaubesaPier8,WaubesaPier5,WaubesaBeach1,WaubesaPier4,WaubesaPier6,WaubesaPier5,WaubesaPier5,WaubesaPier5,WaubesaPier6,WaubesaPier5,WaubesaPier4,WaubesaPier5,WaubesaPier5,WaubesaPier6,WaubesaPier7,WaubesaPier8,WaubesaPier6,WaubesaBeach1,WaubesaPier4,WaubesaPark9,WaubesaPier6,WaubesaPier4,WaubesaPier5,WaubesaPier6,WaubesaPier5,WaubesaPier7,WaubesaPier5,WaubesaPier8,WaubesaPark9,WaubesaPier6,WaubesaPier6,WaubesaPier5,WaubesaPier5,WaubesaPier6,WaubesaPier5,WaubesaPier5,WaubesaPier5,WaubesaPier5,WaubesaPier6,WaubesaPier4,WaubesaPier5,WaubesaBeach1,WaubesaPier6,WaubesaPier7,WaubesaPier5,WaubesaPier5,WaubesaPier6,WaubesaPier6,WaubesaPier5,WaubesaPier5,WaubesaPier4,WaubesaPier6,WaubesaPier5,WaubesaPier7,WaubesaPier4,WaubesaPark9,WaubesaPier8,WaubesaPier5,WaubesaPier5,WaubesaPier5,WaubesaPier5,WaubesaPier5,WaubesaPier5,WaubesaPier8,WaubesaPier4,WaubesaPier5,WaubesaBeach1,WaubesaPark9,WaubesaPier7,WaubesaPier5,WaubesaPier6,WaubesaPier5,WaubesaPier4,WaubesaPier5,WaubesaPier5,WaubesaPier6,WaubesaPier5,WaubesaPier5,WaubesaPier6,WaubesaPier7,WaubesaPier8,WaubesaPier4,WaubesaBeach1,WaubesaPier5,WaubesaPier5,WaubesaPier4,WaubesaPier5,WaubesaPier5,WaubesaPier5,WaubesaPier5,WaubesaPier6,WaubesaPier5,WaubesaPier6,WaubesaBeach1,WaubesaPier5,WaubesaPier7,WaubesaPier4,WaubesaPier4,WaubesaBeach1,WaubesaPier7,WaubesaPier5,WaubesaPier8,WaubesaPier5,WaubesaPier4,WaubesaPier5,WaubesaPier6,WaubesaPier5,WaubesaPier5,WaubesaPier4,WaubesaPier5,WaubesaPier7,WaubesaPier5,WaubesaPark9,WaubesaPier5,WaubesaPier4,WaubesaPier5,WaubesaBeach1,WaubesaPier8,WaubesaPier8,WaubesaPier5,WaubesaPier5,WaubesaPier4,WaubesaPier5,WaubesaPier7,WaubesaPark9,WaubesaBeach1,WaubesaPier5,WaubesaPier8,WaubesaPier5,WaubesaPier8,WaubesaPier5,WaubesaPier8,WaubesaPier5,WaubesaPier7,WaubesaPark9
Waubesa,Waubesa,Waubesa,Waubesa,Waubesa,Waubesa,Waubesa,Waubesa,Waubesa,Waubesa,Waubesa,Waubesa,Waubesa,Waubesa,Waubesa,Waubesa,Waubesa,Waubesa,Waubesa,Waubesa,Waubesa,Waubesa,Waubesa,Waubesa,Waubesa,Waubesa,Waubesa,Waubesa,Waubesa,Waubesa,Waubesa,Waubesa,Waubesa,Waubesa,Waubesa,Waubesa,Waubesa,Waubesa,Waubesa,Waubesa,Waubesa,Waubesa,Waubesa,Waubesa,Waubesa,Waubesa,Waubesa,Waubesa,Waubesa,Waubesa,Waubesa,Waubesa,Waubesa,Waubesa,Waubesa,Waubesa,Waubesa,Waubesa,Waubesa,Waubesa,Waubesa,Waubesa,Waubesa,Waubesa,Waubesa,Waubesa,Waubesa,Waubesa,Waubesa,Waubesa,Waubesa,Waubesa,Waubesa,Waubesa,Waubesa,Waubesa,Waubesa,Waubesa,Waubesa,Waubesa,Waubesa,Waubesa,Waubesa,Waubesa,Waubesa,Waubesa,Waubesa,Waubesa,Waubesa,Waubesa,Waubesa,Waubesa,Waubesa,Waubesa,Waubesa,Waubesa,Waubesa,Waubesa,Waubesa,Waubesa,Waubesa,Waubesa,Waubesa,Waubesa,Waubesa,Waubesa,Waubesa,Waubesa,Waubesa,Waubesa,Waubesa,Waubesa,Waubesa,Waubesa,Waubesa,Waubesa,Waubesa,Waubesa,Waubesa,Waubesa,Waubesa,Waubesa,Waubesa,Waubesa,Waubesa,Waubesa,Waubesa,Waubesa,Waubesa,Waubesa,Waubesa,Waubesa,Waubesa,Waubesa,Waubesa,Waubesa,Waubesa,Waubesa,Waubesa,Waubesa,Waubesa,Waubesa,Waubesa,Waubesa,Waubesa,Waubesa,Waubesa,Waubesa,Waubesa,Waubesa,Waubesa,Waubesa,Waubesa,Waubesa,Waubesa,Waubesa,Waubesa,Waubesa,Waubesa,Waubesa,Waubesa,Waubesa,Waubesa,Waubesa,Waubesa,Waubesa,Waubesa,Waubesa,Waubesa,Waubesa,Waubesa,Waubesa,Waubesa,Waubesa,Waubesa,Waubesa,Waubesa,Waubesa,Waubesa,Waubesa,Waubesa,Waubesa,Waubesa,Waubesa,Waubesa,Waubesa,Waubesa,Waubesa,Waubesa,Waubesa,Waubesa,Waubesa,Waubesa,Waubesa,Waubesa,Waubesa,Waubesa,Waubesa,Waubesa,Waubesa,Waubesa,Waubesa,Waubesa,Waubesa,Waubesa,Waubesa,Waubesa,Waubesa,Waubesa,Waubesa,Waubesa,Waubesa,Waubesa,Waubesa,Waubesa,Waubesa,Waubesa,Waubesa,Waubesa,Waubesa,Waubesa,Waubesa,Waubesa,Waubesa,Waubesa,Waubesa,Waubesa,Waubesa,Waubesa,Waubesa,Waubesa,Waubesa,Waubesa,Waubesa,Waubesa,Waubesa,Waubesa,Waubesa,Waubesa,Waubesa,Waubesa,Waubesa,Waubesa,Waubesa,Waubesa,Waubesa,Waubesa,Waubesa,Waubesa,Waubesa,Waubesa,Waubesa,Waubesa,Waubesa,Waubesa,Waubesa,Waubesa,Waubesa,Waubesa,Waubesa,Waubesa,Waubesa,Waubesa,Waubesa,Waubesa,Waubesa,Waubesa,Waubesa,Waubesa,Waubesa,Waubesa,Waubesa,Waubesa,Waubesa,Waubesa,Waubesa,Waubesa,Waubesa,Waubesa,Waubesa,Waubesa,Waubesa,Waubesa,Waubesa,Waubesa,Waubesa,Waubesa,Waubesa,Waubesa,Waubesa,Waubesa,Waubesa,Waubesa,Waubesa,Waubesa,Waubesa,Waubesa,Waubesa,Waubesa,Waubesa,Waubesa,Waubesa,Waubesa,Waubesa,Waubesa,Waubesa,Waubesa,Waubesa,Waubesa,Waubesa,Waubesa,Waubesa,Waubesa,Waubesa,Waubesa,Waubesa,Waubesa,Waubesa,Waubesa,Waubesa,Waubesa,Waubesa,Waubesa,Waubesa,Waubesa,Waubesa,Waubesa,Waubesa,Waubesa,Waubesa,Waubesa,Waubesa,Waubesa,Waubesa,Waubesa,Waubesa,Waubesa,Waubesa,Waubesa,Waubesa,Waubesa,Waubesa,Waubesa,Waubesa,Waubesa,Waubesa,Waubesa,Waubesa,Waubesa,Waubesa,Waubesa,Waubesa,Waubesa,Waubesa,Waubesa,Waubesa,Waubesa,Waubesa,Waubesa,Waubesa,Waubesa,Waubesa,Waubesa,Waubesa,Waubesa,Waubesa,Waubesa,Waubesa,Waubesa,Waubesa,Waubesa,Waubesa,Waubesa,Waubesa,Waubesa,Waubesa,Waubesa,Waubesa,Waubesa,Waubesa,Waubesa,Waubesa,Waubesa,Waubesa,Waubesa,Waubesa,Waubesa,Waubesa,Waubesa,Waubesa,Waubesa,Waubesa,Waubesa,Waubesa,Waubesa,Waubesa,Waubesa,Waubesa,Waubesa,Waubesa,Waubesa,Waubesa,Waubesa,Waubesa,Waubesa,Waubesa,Waubesa,Waubesa,Waubesa,Waubesa,Waubesa,Waubesa,Waubesa,Waubesa,Waubesa,Waubesa,Waubesa,Waubesa,Waubesa,Waubesa,Waubesa,Waubesa,Waubesa,Waubesa,Waubesa,Waubesa,Waubesa,Waubesa,Waubesa,Waubesa,Waubesa,Waubesa,Waubesa,Waubesa,Waubesa,Waubesa,Waubesa,Waubesa,Waubesa,Waubesa,Waubesa,Waubesa,Waubesa,Waubesa,Waubesa,Waubesa,Waubesa,Waubesa,Waubesa,Waubesa,Waubesa,Waubesa,Waubesa,Waubesa,Waubesa,Waubesa,Waubesa,Waubesa,Waubesa,Waubesa,Waubesa,Waubesa,Waubesa,Waubesa,Waubesa,Waubesa,Waubesa,Waubesa,Waubesa,Waubesa,Waubesa,Waubesa,Waubesa,Waubesa,Waubesa,Waubesa,Waubesa,Waubesa,Waubesa,Waubesa,Waubesa,Waubesa,Waubesa,Waubesa,Waubesa,Waubesa,Waubesa,Waubesa,Waubesa,Waubesa,Waubesa,Waubesa,Waubesa,Waubesa,Waubesa,Waubesa,Waubesa,Waubesa,Waubesa,Waubesa,Waubesa,Waubesa,Waubesa,Waubesa,Waubesa,Waubesa,Waubesa,Waubesa,Waubesa,Waubesa,Waubesa,Waubesa,Waubesa,Waubesa,Waubesa,Waubesa,Waubesa,Waubesa,Waubesa,Waubesa,Waubesa,Waubesa,Waubesa,Waubesa,Waubesa,Waubesa,Waubesa,Waubesa,Waubesa,Waubesa,Waubesa,Waubesa,Waubesa,Waubesa,Waubesa,Waubesa,Waubesa,Waubesa,Waubesa,Waubesa,Waubesa,Waubesa,Waubesa,Waubesa,Waubesa,Waubesa,Waubesa,Waubesa,Waubesa,Waubesa,Waubesa,Waubesa,Waubesa,Waubesa,Waubesa,Waubesa,Waubesa,Waubesa,Waubesa,Waubesa,Waubesa,Waubesa,Waubesa,Waubesa
6/1/15,6/1/15,6/2/15,6/3/15,6/4/15,6/4/15,6/4/15,6/4/15,6/5/15,6/6/15,6/6/15,6/7/15,6/7/15,6/8/15,6/8/15,6/9/15,6/9/15,6/10/15,6/10/15,6/10/15,6/10/15,6/11/15,6/11/15,6/11/15,6/12/15,6/12/15,6/13/15,6/13/15,6/14/15,6/14/15,6/15/15,6/15/15,6/16/15,6/16/15,6/17/15,6/17/15,6/18/15,6/18/15,6/18/15,6/18/15,6/18/15,6/19/15,6/19/15,6/20/15,6/20/15,6/21/15,6/21/15,6/22/15,6/22/15,6/22/15,6/23/15,6/23/15,6/24/15,6/24/15,6/25/15,6/25/15,6/25/15,6/25/15,6/25/15,6/25/15,6/26/15,6/26/15,6/27/15,6/27/15,6/28/15,6/28/15,6/29/15,6/29/15,6/30/15,7/1/15,7/1/15,7/2/15,7/2/15,7/2/15,7/2/15,7/2/15,7/2/15,7/3/15,7/3/15,7/4/15,7/4/15,7/4/15,7/5/15,7/5/15,7/5/15,7/6/15,7/6/15,7/6/15,7/7/15,7/7/15,7/8/15,7/8/15,7/9/15,7/9/15,7/9/15,7/9/15,7/9/15,7/10/15,7/10/15,7/10/15,7/11/15,7/11/15,7/12/15,7/12/15,7/13/15,7/13/15,7/14/15,7/14/15,7/15/15,7/16/15,7/16/15,7/16/15,7/16/15,7/16/15,7/17/15,7/17/15,7/17/15,7/18/15,7/18/15,7/19/15,7/20/15,7/20/15,7/21/15,7/21/15,7/22/15,7/22/15,7/23/15,7/23/15,7/23/15,7/23/15,7/24/15,7/24/15,7/24/15,7/25/15,7/26/15,7/26/15,7/27/15,7/28/15,7/29/15,7/30/15,7/30/15,7/30/15,7/31/15,7/31/15,8/1/15,8/1/15,8/2/15,8/2/15,8/3/15,8/4/15,8/5/15,8/5/15,8/5/15,8/6/15,8/6/15,8/6/15,8/6/15,8/6/15,8/7/15,8/8/15,8/9/15,8/9/15,8/9/15,8/10/15,8/11/15,8/11/15,8/12/15,8/13/15,8/13/15,8/13/15,8/13/15,8/13/15,8/14/15,8/15/15,8/15/15,8/16/15,8/17/15,8/18/15,8/19/15,8/19/15,8/20/15,8/20/15,8/20/15,8/20/15,8/21/15,8/21/15,8/22/15,8/23/15,8/24/15,8/26/15,8/26/15,8/27/15,8/27/15,8/27/15,8/27/15,8/27/15,8/28/15,8/28/15,8/28/15,8/29/15,8/29/15,8/30/15,8/31/15,8/31/15,6/1/16,6/2/16,6/2/16,6/2/16,6/2/16,6/2/16,6/3/16,6/3/16,6/3/16,6/4/16,6/5/16,6/6/16,6/7/16,6/8/16,6/8/16,6/8/16,6/9/16,6/9/16,6/9/16,6/9/16,6/9/16,6/9/16,6/10/16,6/11/16,6/12/16,6/13/16,6/14/16,6/14/16,6/15/16,6/15/16,6/16/16,6/16/16,6/16/16,6/16/16,6/16/16,6/17/16,6/17/16,6/17/16,6/18/16,6/18/16,6/19/16,6/19/16,6/20/16,6/20/16,6/21/16,6/21/16,6/21/16,6/22/16,6/22/16,6/22/16,6/23/16,6/23/16,6/23/16,6/23/16,6/23/16,6/23/16,6/24/16,6/24/16,6/25/16,6/25/16,6/26/16,6/30/16,6/30/16,6/30/16,6/30/16,6/30/16,7/1/16,7/1/16,7/2/16,7/2/16,7/3/16,7/4/16,7/4/16,7/5/16,7/6/16,7/7/16,7/7/16,7/7/16,7/7/16,7/7/16,7/7/16,7/8/16,7/8/16,7/8/16,7/9/16,7/10/16,7/11/16,7/11/16,7/11/16,7/12/16,7/13/16,7/14/16,7/14/16,7/14/16,7/14/16,7/14/16,7/14/16,7/14/16,7/15/16,7/15/16,7/16/16,7/16/16,7/17/16,7/18/16,7/18/16,7/18/16,7/19/16,7/19/16,7/20/16,7/20/16,7/21/16,7/21/16,7/21/16,7/21/16,7/21/16,7/21/16,7/22/16,7/22/16,7/22/16,7/23/16,7/23/16,7/24/16,7/24/16,7/25/16,7/25/16,7/26/16,7/27/16,7/28/16,7/28/16,7/28/16,7/28/16,7/28/16,7/29/16,7/29/16,7/29/16,7/31/16,7/31/16,8/1/16,8/1/16,8/1/16,8/2/16,8/4/16,8/4/16,8/4/16,8/4/16,8/5/16,8/6/16,8/7/16,8/7/16,8/8/16,8/8/16,8/9/16,8/10/16,8/10/16,8/11/16,8/11/16,8/11/16,8/11/16,8/11/16,8/12/16,8/12/16,8/13/16,8/14/16,8/15/16,8/16/16,8/17/16,8/18/16,8/18/16,8/18/16,8/18/16,8/18/16,8/19/16,8/19/16,8/20/16,8/21/16,8/22/16,8/23/16,8/24/16,8/25/16,8/25/16,8/25/16,8/25/16,8/25/16,8/25/16,8/25/16,8/26/16,8/27/16,8/28/16,8/28/16,8/29/16,8/30/16,8/30/16,8/31/16,6/1/17,6/1/17,6/1/17,6/1/17,6/1/17,6/2/17,6/2/17,6/3/17,6/3/17,6/4/17,6/4/17,6/5/17,6/7/17,6/7/17,6/7/17,6/7/17,6/8/17,6/8/17,6/8/17,6/9/17,6/9/17,6/9/17,6/10/17,6/11/17,6/12/17,6/12/17,6/13/17,6/13/17,6/14/17,6/14/17,6/15/17,6/15/17,6/15/17,6/15/17,6/15/17,6/16/17,6/16/17,6/16/17,6/17/17,6/18/17,6/19/17,6/19/17,6/20/17,6/20/17,6/21/17,6/21/17,6/22/17,6/22/17,6/22/17,6/22/17,6/22/17,6/23/17,6/25/17,6/26/17,6/27/17,6/27/17,6/28/17,6/29/17,6/29/17,6/29/17,6/29/17,6/29/17,6/30/17,6/30/17,7/1/17,7/1/17,7/2/17,7/3/17,7/4/17,7/5/17,7/5/17,7/6/17,7/6/17,7/6/17,7/6/17,7/6/17,7/7/17,7/8/17,7/9/17,7/10/17,7/10/17,7/11/17,7/11/17,7/11/17,7/12/17,7/13/17,7/13/17,7/13/17,7/13/17,7/13/17,7/15/17,7/16/17,7/17/17,7/18/17,7/19/17,7/20/17,7/20/17,7/20/17,7/20/17,7/20/17,7/20/17,7/21/17,7/21/17,7/22/17,7/22/17,7/23/17,7/24/17,7/24/17,7/25/17,7/26/17,7/26/17,7/27/17,7/27/17,7/27/17,7/27/17,7/27/17,7/28/17,7/29/17,7/29/17,7/30/17,7/31/17,8/1/17,8/1/17,8/2/17,8/2/17,8/2/17,8/3/17,8/3/17,8/5/17,8/8/17,8/9/17,8/10/17,8/10/17,8/10/17,8/12/17,8/13/17,8/13/17,8/14/17,8/14/17,8/15/17,8/16/17,8/16/17,8/17/17,8/17/17,8/17/17,8/18/17,8/19/17,8/19/17,8/20/17,8/20/17,8/21/17,8/22/17,8/23/17,8/24/17,8/24/17,8/24/17,8/24/17,8/25/17,8/25/17,8/27/17,8/27/17,8/28/17,8/29/17,8/31/17,8/31/17,8/31/17,8/31/17
9:20:00,10:04:00,9:04:00,11:09:00,6:49:00,6:50:00,9:11:00,9:25:00,10:56:00,11:11:00,12:00:00,13:11:00,14:55:00,12:32:00,14:34:00,9:11:00,9:12:00,9:33:00,10:00:00,11:51:00,16:30:00,6:47:00,7:23:00,14:01:00,10:00:00,15:20:00,10:32:00,14:26:00,10:20:00,11:01:00,8:12:00,9:27:00,10:56:00,12:30:00,11:48:00,15:54:00,7:04:00,7:26:00,9:24:00,9:28:00,12:54:00,9:14:00,11:00:00,9:06:00,13:43:00,8:36:00,9:09:00,7:45:00,8:30:00,13:21:00,14:32:00,20:57:00,10:33:00,14:09:00,6:28:00,6:44:00,9:23:00,10:03:00,10:27:00,11:34:00,8:22:00,16:07:00,10:11:00,17:47:00,10:53:00,13:25:00,10:00:00,10:22:00,13:06:00,12:16:00,13:55:00,6:55:00,8:19:00,8:57:00,9:15:00,10:01:00,10:35:00,9:36:00,10:26:00,9:48:00,11:00:00,12:00:00,9:15:00,9:23:00,10:22:00,8:00:00,9:55:00,14:58:00,8:30:00,10:09:00,8:30:00,11:14:00,7:32:00,10:05:00,10:31:00,13:15:00,16:44:00,8:15:00,9:55:00,15:19:00,9:11:00,9:59:00,9:29:00,12:09:00,12:36:00,12:39:00,9:44:00,13:10:00,9:49:00,6:44:00,9:16:00,9:19:00,10:00:00,10:19:00,9:06:00,9:25:00,13:59:00,8:21:00,16:28:00,9:31:00,10:11:00,13:08:00,14:29:00,14:58:00,10:17:00,14:39:00,6:48:00,9:20:00,13:12:00,15:10:00,9:20:00,9:45:00,11:15:00,12:38:00,9:29:00,18:04:00,10:42:00,8:45:00,9:45:00,7:10:00,9:40:00,11:16:00,14:51:00,15:39:00,9:26:00,12:17:00,10:47:00,17:04:00,10:46:00,9:25:00,10:00:00,10:33:00,13:41:00,7:08:00,8:14:00,9:20:00,10:20:00,10:22:00,9:16:00,10:22:00,9:00:00,11:53:00,14:22:00,16:05:00,11:43:00,12:14:00,11:52:00,7:01:00,7:30:00,9:20:00,9:50:00,10:50:00,11:10:00,10:00:00,11:48:00,9:10:00,16:19:00,9:32:00,12:04:00,15:07:00,7:05:00,8:50:00,8:57:00,9:14:00,9:00:00,12:22:00,9:47:00,10:07:00,16:12:00,12:44:00,15:59:00,7:00:00,9:30:00,11:37:00,15:30:00,17:25:00,8:49:00,11:00:00,11:31:00,10:27:00,18:57:00,10:02:00,8:44:00,11:22:00,10:51:00,7:36:00,8:54:00,9:19:00,10:00:00,10:05:00,6:34:00,8:51:00,12:47:00,11:13:00,10:22:00,15:40:00,8:13:00,9:06:00,9:43:00,10:09:00,10:15:00,14:10:00,14:41:00,15:56:00,17:21:00,19:35:00,9:29:00,9:53:00,9:25:00,13:12:00,11:07:00,12:32:00,10:34:00,13:01:00,8:46:00,10:13:00,11:15:00,12:55:00,13:43:00,9:50:00,10:29:00,15:57:00,8:54:00,12:29:00,9:48:00,10:22:00,11:34:00,17:43:00,7:17:00,9:10:00,18:37:00,8:44:00,13:23:00,13:40:00,6:58:00,8:34:00,8:40:00,10:00:00,10:13:00,17:26:00,8:46:00,9:48:00,8:34:00,9:53:00,10:35:00,7:30:00,8:02:00,10:35:00,11:30:00,20:36:00,16:29:00,18:27:00,8:20:00,9:45:00,10:10:00,9:19:00,11:00:00,7:51:00,10:18:00,6:44:00,10:10:00,10:20:00,10:40:00,10:53:00,16:54:00,8:29:00,8:31:00,11:00:00,10:41:00,15:50:00,9:15:00,9:17:00,9:31:00,9:00:00,10:25:00,9:30:00,10:05:00,10:46:00,11:00:00,11:03:00,15:24:00,19:24:00,13:00:00,13:42:00,9:09:00,10:45:00,11:18:00,9:24:00,9:45:00,11:00:00,8:28:00,10:46:00,11:02:00,12:35:00,7:33:00,10:06:00,10:29:00,10:40:00,17:40:00,21:25:00,8:56:00,11:00:00,14:59:00,9:25:00,10:02:00,9:41:00,10:51:00,8:59:00,9:05:00,11:16:00,8:24:00,7:25:00,8:46:00,10:20:00,11:00:00,15:52:00,8:35:00,10:01:00,15:44:00,9:42:00,10:21:00,9:11:00,10:20:00,11:00:00,8:55:00,8:07:00,10:40:00,15:35:00,17:51:00,8:12:00,10:34:00,9:51:00,14:37:00,8:30:00,8:45:00,8:11:00,7:52:00,19:21:00,7:59:00,9:00:00,9:00:00,11:11:00,12:45:00,9:48:00,12:41:00,8:44:00,11:24:00,8:09:00,20:00:00,9:53:00,7:50:00,8:01:00,11:00:00,18:53:00,19:40:00,9:45:00,16:45:00,14:55:00,10:37:00,8:57:00,9:42:00,11:40:00,6:51:00,7:51:00,9:05:00,9:45:00,10:55:00,15:30:00,18:37:00,8:11:00,10:08:00,14:24:00,19:21:00,9:02:00,7:40:00,11:27:00,13:41:00,8:37:00,8:45:00,11:20:00,12:26:00,13:33:00,9:14:00,9:54:00,10:09:00,10:50:00,10:43:00,10:49:00,13:59:00,8:28:00,9:10:00,9:10:00,18:00:00,9:25:00,12:33:00,13:24:00,8:45:00,11:07:00,15:07:00,8:45:00,18:24:00,8:21:00,8:23:00,12:14:00,20:40:00,8:42:00,9:20:00,7:13:00,8:45:00,9:04:00,10:08:00,13:18:00,9:35:00,10:38:00,11:02:00,9:23:00,12:27:00,11:19:00,12:55:00,9:00:00,13:20:00,14:58:00,16:01:00,6:44:00,8:32:00,8:42:00,12:35:00,19:01:00,11:45:00,13:30:00,9:25:00,8:41:00,13:26:00,15:31:00,8:44:00,9:00:00,9:31:00,11:55:00,17:16:00,10:04:00,10:22:00,9:54:00,11:02:00,9:46:00,11:59:00,8:20:00,9:10:00,11:13:00,9:00:00,11:42:00,12:32:00,13:52:00,19:21:00,9:58:00,13:10:00,19:08:00,9:13:00,9:51:00,8:28:00,9:16:00,9:38:00,13:24:00,6:42:00,9:04:00,11:45:00,12:11:00,17:21:00,10:21:00,12:21:00,12:34:00,9:35:00,11:47:00,9:00:00,9:05:00,10:42:00,11:20:00,11:50:00,19:00:00,9:45:00,13:41:00,9:22:00,9:30:00,9:29:00,14:10:00,20:23:00,13:05:00,9:07:00,15:51:00,6:44:00,8:30:00,9:15:00,11:48:00,11:48:00,10:31:00,9:25:00,9:42:00,9:32:00,11:04:00,14:56:00,20:09:00,9:32:00,15:12:00,18:08:00,8:59:00,11:34:00,9:06:00,9:12:00,9:25:00,6:52:00,12:23:00,13:24:00,10:42:00,9:11:00,11:03:00,9:33:00,12:27:00,13:16:00,9:00:00,9:23:00,7:23:00,10:15:00,12:55:00,14:02:00,8:55:00,10:23:00,12:19:00,14:05:00,10:35:00,14:07:00,13:58:00,9:05:00,9:31:00,9:51:00,13:15:00,9:01:00,10:34:00,11:53:00,13:53:00,12:37:00,8:02:00,8:28:00,9:11:00,9:28:00,12:30:00
1,1,1,1,1,2,1,2,1,1,2,1,1,1,1,1,2,2,1,1,2,1,2,1,1,1,1,1,1,1,1,1,1,2,1,2,1,2,1,2,1,1,1,1,1,2,2,1,1,1,1,1,3,3,3,2,2,1,1,2,1,1,1,1,1,1,1,1,1,1,1,1,2,1,3,1,1,1,1,1,1,1,2,1,1,2,1,1,1,1,1,1,2,2,2,1,1,2,2,1,1,1,1,1,1,1,1,1,1,1,1,1,2,1,1,1,1,1,1,1,1,1,1,1,2,1,1,2,1,1,1,1,1,1,1,1,1,2,1,1,1,1,1,1,1,1,1,1,1,1,2,2,1,2,1,2,2,1,1,1,1,1,1,1,1,1,1,1,3,1,1,2,1,1,1,1,1,1,1,1,2,1,1,1,1,1,2,1,1,1,1,2,1,1,1,1,1,1,1,1,1,1,1,1,1,1,1,1,2,1,1,1,1,1,1,1,1,1,1,1,1,2,1,1,1,1,1,1,1,1,1,1,1,1,1,1,2,1,1,3,1,3,2,3,1,1,1,1,2,2,1,2,2,3,2,1,2,2,1,2,1,1,1,1,1,1,2,2,2,1,1,1,1,1,1,1,2,1,1,1,1,1,3,1,1,1,1,1,1,1,1,1,1,1,1,2,1,1,1,1,1,1,1,1,1,1,1,1,1,1,1,1,1,1,1,1,1,2,1,1,1,1,1,2,1,1,1,1,1,1,1,1,1,2,1,1,1,1,1,1,1,1,1,1,1,1,1,1,1,1,1,1,1,1,1,1,1,1,1,1,1,1,1,1,1,1,1,1,1,1,1,1,2,1,1,1,1,1,1,1,1,1,1,1,1,1,2,1,1,1,1,1,1,2,1,1,1,1,1,1,2,1,2,2,1,2,1,1,1,2,1,1,2,3,1,1,1,1,1,1,1,1,1,2,1,2,2,1,2,2,1,2,1,1,1,2,1,1,1,1,1,1,1,1,1,1,1,1,2,1,1,2,1,1,1,1,1,1,1,1,2,1,1,1,1,1,2,1,1,1,2,1,1,1,1,2,1,1,1,1,1,1,1,1,1,1,1,1,1,1,1,1,1,1,1,2,1,1,1,1,1,1,1,1,1,1,1,1,1,1,1,1,1,1,1,2,2,1,1,1,2,1,2,1,1,1,1,1,1,1,1,1,1,2,1,1,1,1,1,1,1,1,1,1,2,1,1,2,1,1,1,1,1,1,1,1,1,1,2,1,1,1,1,2
0,0,0,0,0,2,0,2,0,0,2,0,0,0,0,0,2,2,0,0,2,0,2,0,0,0,0,0,0,0,0,0,0,2,0,1,0,1,0,2,0,0,0,0,0,1,2,0,0,0,0,0,1,1,1,1,1,0,0,2,0,0,0,0,0,0,0,0,0,0,0,0,2,0,1,0,0,0,0,0,0,0,2,0,0,2,0,0,0,0,0,0,1,1,2,0,0,2,2,0,0,0,0,0,0,0,0,0,0,0,0,0,2,0,0,0,0,0,0,0,0,0,0,0,2,0,0,1,0,0,0,0,0,0,0,0,0,2,0,0,0,0,0,0,0,0,0,0,0,0,2,2,0,2,0,1,2,0,0,0,0,0,0,0,0,0,0,0,2,0,0,1,0,0,0,0,0,0,0,0,2,0,0,0,0,0,2,0,0,0,0,2,0,0,0,0,0,0,0,0,0,0,0,0,0,0,0,0,2,0,0,0,0,0,0,0,0,0,0,0,0,2,0,0,0,0,0,0,0,0,0,0,0,0,0,0,2,0,0,2,0,2,1,1,0,0,0,0,2,2,0,2,2,1,2,0,2,2,0,0,0,0,0,0,0,0,1,1,1,0,0,0,0,0,0,0,2,0,0,0,0,0,1,0,0,0,0,0,0,0,0,0,0,0,0,2,0,0,0,0,0,0,0,0,0,0,0,0,0,0,0,0,0,0,0,0,0,2,0,0,0,0,0,1,0,0,0,0,0,0,0,0,0,2,0,0,0,0,0,0,0,0,0,0,0,0,0,0,0,0,0,0,0,0,0,0,0,0,0,0,0,0,0,0,0,0,0,0,0,0,0,0,2,0,0,0,0,0,0,0,0,0,0,0,0,0,2,0,0,0,0,0,0,1,0,0,0,0,0,0,2,0,2,2,0,2,0,0,0,2,0,0,2,2,0,0,0,0,0,0,0,0,0,2,0,2,1,0,2,2,0,2,0,0,0,2,0,0,0,0,0,0,0,0,0,0,0,0,2,0,0,2,0,0,0,0,0,0,0,0,2,0,0,0,0,0,2,0,0,0,2,0,0,0,0,2,0,0,0,0,0,0,0,0,0,0,0,0,0,0,0,0,0,0,0,2,0,0,0,0,0,0,0,0,0,0,0,0,0,0,0,0,0,0,0,2,2,0,0,0,2,0,2,0,0,0,0,0,0,0,0,0,0,2,0,0,0,0,0,0,0,0,0,0,2,0,0,2,0,0,0,0,0,0,0,0,0,0,1,0,0,0,0,1
1,1,1,1,1,1,1,1,1,1,1,1,1,1,1,1,1,1,1,1,1,1,1,1,1,1,1,1,1,1,1,1,1,1,1,1,1,1,1,1,1,1,1,1,1,1,1,1,1,1,1,1,1,1,1,1,1,1,1,1,1,1,1,1,1,1,1,1,1,1,1,1,1,1,1,1,1,1,1,1,1,1,1,1,1,1,1,1,1,1,1,1,1,1,1,1,1,1,1,1,1,1,1,1,1,1,1,1,1,1,1,1,1,1,1,1,1,1,1,1,1,1,1,1,1,1,1,1,1,1,1,1,1,1,1,1,1,1,1,1,1,1,1,1,1,1,1,1,1,1,1,1,1,1,1,1,1,1,1,1,1,2,1,1,1,1,1,1,1,1,1,1,1,1,1,1,1,1,1,1,1,1,1,1,1,1,1,1,1,1,1,1,1,1,1,1,1,1,1,1,1,1,1,1,1,1,1,1,1,1,1,1,1,1,1,1,1,1,1,1,1,1,2,1,1,1,1,1,1,1,1,1,1,1,1,1,1,1,1,1,1,1,1,1,1,1,1,1,1,1,1,1,1,1,1,1,1,1,1,1,1,1,1,1,1,1,1,1,1,1,1,1,1,1,1,1,1,1,1,1,1,1,1,1,1,1,1,1,1,2,1,1,1,1,1,1,1,1,1,1,1,1,1,1,1,1,1,1,1,1,1,1,1,1,1,1,1,1,1,1,1,1,1,1,1,1,1,1,1,1,1,1,1,1,1,1,1,1,1,1,1,1,1,1,1,1,1,1,1,1,1,1,1,1,1,1,1,2,1,1,1,1,2,1,1,1,1,1,1,1,1,1,1,1,1,1,1,1,1,1,1,1,1,1,1,1,1,1,1,1,1,1,1,1,1,1,1,1,1,1,1,1,1,1,1,1,1,1,1,1,1,1,1,1,1,1,1,1,1,1,2,1,1,1,1,1,1,1,1,1,1,1,1,1,1,1,1,1,1,1,1,1,1,1,1,1,1,1,1,1,1,1,1,1,1,1,1,1,1,1,1,1,1,1,1,1,1,1,1,1,1,1,1,1,1,1,1,1,1,1,1,1,1,1,1,1,1,1,1,1,1,1,1,1,1,1,1,1,1,1,1,1,1,1,1,1,1,1,1,1,1,2,1,1,1,1,1,1,1,1,1,1,1,1,1,1,1,1,1,1,1,1,1,1,1,1,1,1,1,1,1,1,1,1,1,2,1,1,1,1,1,1,1,1,1,1,1,1,1,1,1,1,1,1
1,1,1,1,1,2,1,2,2,1,2,1,2,1,1,1,2,1,1,1,2,2,2,1,1,1,1,1,1,1,1,1,1,2,2,2,2,2,1,2,1,1,1,1,1,1,1,1,1,1,2,1,1,1,2,2,1,1,1,2,1,1,1,1,1,1,1,1,1,1,1,1,2,2,3,1,1,1,1,1,1,2,2,1,2,2,1,1,1,1,1,1,1,2,1,1,2,3,1,1,1,1,1,1,2,1,1,1,1,1,1,2,2,1,1,1,1,1,1,2,1,1,1,1,1,1,1,2,1,1,1,1,1,1,1,1,1,1,2,2,1,1,1,1,1,1,1,1,2,1,2,1,1,2,1,1,2,1,2,1,1,1,1,2,1,1,2,1,2,1,1,2,1,1,2,1,1,1,2,1,2,1,1,2,1,2,1,1,1,1,1,2,1,1,2,1,1,1,1,1,1,1,2,1,1,1,1,1,2,1,2,2,2,1,1,2,2,1,1,1,2,2,1,1,2,1,1,1,1,1,1,1,1,1,1,1,2,2,2,2,1,2,1,2,1,2,1,1,1,1,2,1,1,1,1,1,2,2,1,1,1,1,1,1,1,1,1,2,1,1,2,1,1,1,1,1,1,1,1,1,1,1,3,1,2,1,1,1,1,1,1,1,1,1,1,2,1,1,1,1,1,1,1,1,1,1,1,1,1,1,1,1,1,1,1,1,1,2,1,1,1,1,1,2,2,1,1,1,1,1,1,1,1,2,2,1,1,1,1,1,1,2,1,1,1,1,2,1,1,1,2,1,1,1,1,1,1,1,1,1,1,1,2,1,1,1,1,1,1,1,1,1,2,2,2,1,1,1,1,1,1,1,1,2,1,1,2,2,1,1,1,1,2,1,1,1,1,1,1,1,2,2,2,1,1,1,1,1,1,2,2,1,2,2,2,1,2,2,1,1,1,1,1,1,1,1,2,1,2,2,1,2,1,1,1,1,1,1,1,1,1,1,1,1,1,1,2,1,1,1,1,1,1,1,1,1,1,1,1,1,1,1,1,1,1,1,1,1,1,1,2,1,1,1,1,1,1,1,1,1,1,1,1,1,1,1,1,1,1,1,1,1,1,1,1,2,1,1,1,1,1,1,1,1,1,1,1,1,1,1,1,1,1,1,1,1,1,1,1,1,1,1,2,1,1,1,1,2,1,1,1,1,1,1,1,1,1,1,1,1,1,2,1,1,1,2,2,2,2,1,1,1,1,1,1,1,1,1,1,1,1,1,1,1
1,1,1,1,1,2,1,1,1,1,1,1,1,1,2,1,1,1,1,1,1,1,2,2,1,1,1,1,2,1,2,1,1,2,1,3,2,2,1,2,2,1,1,3,2,3,2,2,2,1,2,3,3,3,3,3,3,1,1,2,2,1,3,2,2,3,3,2,2,2,1,1,2,3,3,1,3,1,3,2,1,2,2,3,1,2,3,2,1,1,1,1,3,2,2,2,3,3,2,3,2,2,2,2,3,2,2,2,2,3,2,3,2,3,2,1,3,2,3,2,3,2,2,3,2,3,3,3,2,3,2,2,3,2,2,3,2,2,2,3,2,2,3,3,2,2,2,3,3,2,2,2,2,2,2,2,1,2,2,2,2,2,2,3,3,3,2,3,3,2,2,2,2,3,2,2,2,2,3,2,2,3,2,2,2,2,2,2,3,2,3,3,2,2,2,2,2,2,2,2,2,2,2,3,1,1,1,1,3,2,1,1,1,1,2,3,2,1,1,2,1,2,1,1,1,1,1,1,1,1,1,1,1,2,1,2,3,1,2,3,1,2,1,3,1,1,1,3,2,3,2,2,1,2,2,1,2,3,1,1,1,2,1,1,1,1,2,2,2,2,1,1,3,1,1,1,3,1,1,3,2,1,3,3,1,1,2,1,2,2,2,2,1,2,2,2,2,2,1,2,1,3,3,2,2,1,2,2,2,1,2,1,2,2,2,2,3,3,2,2,2,1,1,2,2,2,2,2,2,2,2,3,2,2,2,2,2,2,1,2,2,2,2,1,2,2,3,2,1,2,2,2,3,2,2,2,2,3,2,2,2,1,2,2,1,2,2,2,2,2,2,3,1,2,2,1,2,3,3,2,2,2,3,2,2,1,2,1,1,2,1,3,2,2,2,3,2,1,1,2,1,1,1,1,1,1,1,1,1,1,2,1,2,3,2,1,2,2,1,2,1,1,1,1,1,1,3,2,1,2,2,1,2,2,2,1,2,1,2,2,2,1,1,2,1,1,1,2,3,2,2,2,2,1,2,1,2,3,1,1,1,2,1,1,1,1,2,2,2,2,2,2,3,2,1,2,1,1,1,3,1,1,3,3,3,2,2,2,2,1,2,2,2,2,2,3,3,3,2,2,2,2,2,2,2,2,2,3,3,2,2,2,2,2,2,2,2,2,2,3,2,3,3,2,3,2,2,2,3,2,2,2,3,2,3,2,2,2,2,2,2,3,2,3,2,2,2,3,2,2,2,2,3,1,2,2,2,2,2,1,1,2,3,3
1,1,1,1,1,2,1,1,1,1,1,1,1,1,1,1,1,1,1,1,1,1,1,1,1,1,1,1,1,1,1,1,1,1,1,1,1,1,1,2,1,1,1,1,1,2,1,2,1,1,1,1,1,1,1,2,2,1,1,1,1,1,1,1,1,1,1,1,1,1,1,1,1,1,1,1,1,1,1,1,1,1,2,1,1,1,1,1,1,1,1,1,1,2,1,1,1,1,1,1,1,1,1,1,1,1,1,1,1,2,1,1,1,1,1,1,1,1,1,1,1,1,1,1,1,1,2,2,1,1,1,1,1,1,1,1,1,1,1,1,1,1,1,1,2,1,1,1,1,1,2,1,1,1,1,1,2,1,1,1,1,1,1,1,1,1,1,1,2,1,1,2,1,1,1,1,1,1,1,1,1,1,1,1,1,1,1,1,1,1,1,1,1,1,1,1,1,2,1,1,1,1,1,1,1,1,1,1,3,1,2,1,1,1,1,1,1,1,1,3,1,1,1,1,2,2,1,1,1,1,3,1,1,1,1,1,2,1,1,1,1,1,1,1,1,1,1,3,1,1,1,1,1,1,2,1,2,3,2,2,1,1,1,1,1,3,1,2,1,1,2,1,2,1,1,1,1,1,1,2,1,1,2,1,3,1,1,1,1,1,1,1,1,1,1,3,1,1,1,1,2,1,1,1,1,1,1,1,1,1,1,1,1,1,1,1,1,2,2,1,1,1,2,1,1,1,1,1,1,1,1,1,1,3,1,2,1,1,1,1,1,1,1,1,1,1,2,2,1,1,1,1,2,1,1,1,1,1,1,1,1,1,3,1,2,1,1,1,1,1,1,2,2,1,3,2,1,1,1,1,1,1,2,1,1,1,2,1,1,1,1,1,1,1,1,1,1,1,1,1,3,1,1,2,1,2,1,1,1,1,1,1,2,2,2,1,1,1,1,1,1,1,1,1,2,1,1,1,1,2,1,1,1,1,1,1,1,1,1,1,2,1,1,2,2,1,1,1,3,1,1,1,1,1,1,1,2,2,1,1,1,1,1,1,1,1,1,1,1,1,2,1,1,1,1,1,2,1,1,1,2,1,2,1,3,1,1,1,1,1,1,1,2,1,1,2,2,2,1,1,1,1,1,1,2,1,1,1,2,3,1,1,1,1,1,1,1,1,1,1,1,1,1,1,1,1,1,1,2,1,2,1,1,1,1,1,1,1,1,2,1,1,1,1,1,1,1,2,1,1,1,1,2,1,1,1,2,1,2,1,2,1,1,1
1,2,1,2,2,1,1,1,3,2,1,2,2,2,3,1,1,1,1,3,2,2,1,2,2,2,1,1,2,2,1,1,1,2,1,1,2,1,2,1,2,1,2,2,1,1,1,1,1,2,3,1,1,1,1,1,1,1,2,1,2,1,2,2,1,2,1,1,2,1,2,1,1,2,1,2,2,1,1,1,1,1,2,1,1,1,1,1,1,2,2,1,1,1,1,1,1,1,1,1,1,1,1,1,1,1,2,2,1,1,1,2,1,1,1,1,2,1,2,2,2,2,2,3,1,1,1,1,1,1,1,1,2,2,1,2,1,1,2,1,2,3,3,3,2,1,2,3,3,2,2,1,1,1,1,1,1,1,1,2,1,1,1,3,2,3,1,1,1,2,1,1,2,2,1,2,2,1,2,2,1,3,3,1,1,2,1,3,3,2,2,1,1,1,1,1,1,2,1,1,1,1,1,1,1,1,1,2,1,1,1,1,1,1,3,3,3,1,1,1,1,1,1,2,1,1,1,2,1,1,2,1,2,1,3,2,2,1,2,1,1,1,1,1,1,1,3,2,1,2,3,1,1,1,1,1,1,1,2,1,1,1,1,2,2,1,1,2,1,2,1,1,2,1,1,1,1,1,2,1,1,1,1,1,1,2,2,1,3,2,1,2,1,1,2,3,2,3,1,3,1,3,1,2,1,1,3,1,1,1,1,1,1,1,1,2,1,1,2,1,1,1,1,1,1,2,2,2,2,1,1,1,1,1,1,1,2,2,2,1,1,1,1,1,1,1,2,2,1,2,2,1,2,1,1,1,1,1,1,2,1,1,2,1,1,2,2,1,1,1,1,1,1,1,1,2,1,3,3,1,1,1,2,2,1,1,1,1,2,1,1,2,1,1,1,1,2,1,1,1,2,1,1,1,1,1,2,1,2,1,1,1,1,2,2,1,2,2,2,2,2,2,2,1,1,1,1,1,1,2,1,1,1,2,2,1,3,2,2,1,1,1,1,1,1,1,2,1,1,3,2,1,2,2,2,2,3,2,2,1,1,2,2,2,1,1,1,1,1,1,1,2,2,2,2,1,1,1,1,1,1,2,2,2,2,2,2,2,2,1,1,1,1,1,1,1,1,1,1,1,2,2,2,1,1,1,1,1,1,1,2,2,1,2,1,1,1,2,2,1,1,2,1,1,1,1,1,1,1,2,3,2,1,1,1,1,1,1,1,2,2,3,2,1,1,1,1,1,3,2,2,2,2,1,1,1,1,1,2,2,1,2,2,1
64.2,65.7,66.4,68.1,67.8,70.5,67.6,69.8,69.4,70.6,70.5,70.5,72.7,72.3,75.2,71.4,71.6,73.4,72,73.9,77,71.6,74.7,73.4,76,73.4,70.5,71.4,72,71.6,72.9,73,73.2,75.6,73.4,79.3,75.2,76.3,75.4,75.2,75.4,73.4,74.5,74.1,74.3,72.9,73.4,75.2,75.2,75.4,76.6,77.2,78.3,81.3,75.2,75.2,72.5,74.1,74.5,76,75.4,74.1,74.5,77,73.6,75.6,74.1,73.4,63.9,75.9,75.2,70.9,69.6,73.2,71.1,72.9,74.5,73.6,75.2,74.5,76.8,77,78,75.4,76.3,78,74.7,77,76,73.4,75,73.4,71.3,74.3,73.6,78.6,80.5,73.4,75.5,79.9,75.7,76.5,76.3,77.6,78.1,78.8,76.5,76.8,75.9,73.4,74.9,74.7,78,75.6,74.7,75.6,78.3,77,78.8,78.1,78.3,77.9,78.8,78.2,77,80.4,77,76.3,83.5,81.8,79.5,79,78.8,80.6,78.8,80.6,80.6,78.1,78.1,75,76.3,77.7,79,80.1,77.4,79.2,78.3,81.3,76.3,76.3,74,78.3,82.2,75.2,75.4,75.9,77.2,77,76.6,75.2,75.9,76.1,80.1,80.6,76.8,78.1,79.7,76.5,77.2,77.4,78.3,77.4,77.3,78.4,82.8,80.4,80.6,78.8,77.3,77,71.1,72.7,73.5,70.7,74.5,75.2,74.7,73.2,70.7,69.8,72.4,70,70.9,70.5,73.6,74.8,70,73,70.2,69.1,70.1,69.8,70.3,72.1,72.3,70.2,70.7,72,70.5,70.5,75.2,73.1,75.4,74.1,72,75,68,69.4,70.5,68,70,71.1,71.1,71.5,72.9,71.6,71.4,72.3,71.6,75,75.2,75.2,76.1,77.7,74.7,75.6,75,72.3,71.4,75.2,75.2,80.4,75.6,79.8,78.1,79,77.5,82.8,77,76.7,79.4,77,76.1,77.5,76.3,76.5,77,76.3,72.7,77.7,75.9,77.5,76.5,77.4,77.4,76.3,77,75.6,77,78.8,75.1,78.1,74.7,75.4,71.1,75.2,73.4,75.4,77,78.1,78.3,77.4,79.2,78.1,79.8,76.6,75.6,79.1,77.9,78.6,77.4,77.7,78.1,77.2,78.8,75.9,75.4,77.4,77.5,76.3,82.6,78.3,76.3,77,76.3,76.5,76.3,75.9,75.2,77,77.4,79.7,79.9,81.7,78.6,78.6,79.5,79.5,82.4,78.1,77.5,77.4,79.9,82.8,82.4,79.5,79.1,79.9,78.3,83.1,82.6,81,80.6,82.6,80.6,80.1,79.6,79.6,76.1,79.9,79,78.3,79.3,80.6,78.8,81.9,82.9,85.1,82.6,79.1,79.5,79.5,80.6,78.8,78.8,78.3,80.1,83.7,80.8,80.2,80.3,80.6,81.3,80.6,79,79.9,81.3,80.6,84,80.8,80.8,79.9,82.2,85.8,85.3,77,80.1,78.8,76.6,76.5,76.8,76.8,76.5,76.1,75.7,77.1,78.8,83.3,78.3,76.5,73.2,78.6,77.7,76.3,76.6,78.2,77.5,64.4,64.9,69.1,67.5,70.9,67.4,66.9,68,70,69.7,72.5,72.3,71.4,72,72.1,78.8,72.5,71.3,73.4,70.1,72.3,76.3,73.4,75.4,73.8,73.2,77.5,76,75.6,76.5,76.5,76.3,77,78.3,73.2,77,77.7,78.3,78.8,76.5,75.2,76.6,74.8,75,75.6,76.1,74.1,73.8,74.1,73.2,75.1,74.8,70.8,70.2,70.5,72.3,71.2,69.8,70.1,70.3,69.8,72.3,70.5,70.9,73,72.5,72.5,74.7,73.4,75.8,78.1,76.4,79.7,77.7,79.8,82.4,77.7,78.6,79.3,77,77.4,78.3,78.4,78.8,78.8,80.1,77.4,78.8,78.4,80.6,76.6,78.1,80.4,77,78.8,76.4,77.6,78.1,78,79.7,83.1,79.9,81,78.3,78.8,79.3,80.1,79.3,78.4,77,78.4,76.3,75.4,77.2,77.7,77.9,77.5,78.1,77.5,77.5,79.3,81.4,80.8,80.6,84.6,82.3,77.4,77,73.4,75.4,78.1,75.2,76.7,76.8,74.1,75.2,75.6,73.4,75.9,75.6,74.9,74.1,74.7,75.2,74.7,75.6,74.9,75.7,74.7,76.5,75.2,75.9,75,73.6,72.9,72.7,73.4,71.9,73.8,71.2,72.7,72.1,71.1,70.9,71.2,70.5,72.3
115,120,120,120,120,84,120,69,120,120,120,120,100,120,60,120,120,85,120,120,120,120,82,120,120,120,120,101,120,120,120,120,120,105,120,102,120,81,120,83,98,120,120,91,120,95,80,110,78,120,95,96,85,35,92,62,43,120,120,90,110,120,81,80,100,92,105,120,120,110,120,120,80,102,54,120,95,120,92,105,120,95,88,94,110,75,105,100,98,110,100,120,44,100,120,95,78,83,110,99,106,105,105,105,78,105,90,99,95,49,90,53,85,78,90,93,86,70,76,65,72,65,60,59,75,69,50,52,70,69,70,76,59,60,70,69,80,70,60,84,81,60,25,45,76,70,65,64,55,65,78,70,78,85,75,47,65,67,75,70,76,79,65,40,55,65,60,56,69,55,68,55,60,62,60,60,60,65,69,65,85,58,70,81,75,70,75,60,45,75,65,67,73,75,52,58,75,85,76,80,71,85,75,76,120,120,110,120,44,90,120,120,120,120,75,45,110,120,120,81,120,95,120,120,93,116,120,120,120,120,120,120,120,120,120,100,50,94,50,55,120,101,120,120,120,120,110,40,85,61,86,80,120,90,80,120,60,46,88,92,120,113,120,120,103,108,96,98,100,90,84,115,103,120,115,120,80,110,115,70,115,114,26,88,91,109,100,93,85,100,85,110,109,110,115,63,75,103,100,95,94,93,70,85,110,99,85,100,85,80,105,106,106,100,95,82,70,45,103,65,95,84,90,100,99,100,98,80,73,85,85,73,85,68,77,64,70,95,91,85,90,85,89,92,100,90,55,80,89,95,90,90,63,70,90,90,90,55,90,82,70,75,72,90,90,90,90,90,80,85,85,73,101,81.2,60,92,69,55,65,90,90,85,80,90,70,83,85,82.3,63,85,115,78,90,90,90,79,85,120,120,58,120,102,120,85,110,120,120,120,120,120,113,120,120,41,109,120,92,110,120,120,115,120,120,120,120,120,55,105,107,85,115,96,110,99,120,120,90,120,100,105,120,120,110,120,120,120,96,110,51,85,110,110,111,120,107,120,105,43,120,120,120,100,113,120,120,120,100,86,92,105,79,92,70,115,115,83,115,120,120,85,120,120,69,85,44,68,110,110,115,115,100,105,93,91,95,66,60,65,100,98,95,81,90,85,72,90,85,74,70,93,66,66.2,85,75,56,85,80,70,65,82,70,67,51,70,67,50,45,52,60,70,58,80,44,85,75,85,85,53,90,80,80,41,75,63,70,71,69,72,60,85,53,100,85,88,72,80,103,105,100,120,103,105,85,49
0,0,0,0,0,0,0,0,0,0,0,0,0,0,0,0,0,0,0,0,0,0,0,0,0,0,0,0,0,0,0,0,0,0,0,0,0,0,0,0,0,0,0,0,0,0,0,0,0,0,0,0,0,1,0,0,1,0,0,0,0,0,0,0,0,0,0,0,0,0,0,0,0,0,0,0,0,0,0,0,0,0,0,0,0,0,0,0,0,0,0,0,1,0,0,0,0,0,0,0,0,0,0,0,0,0,0,0,0,1,0,0,0,0,0,0,0,0,0,0,0,0,0,0,0,0,1,0,0,0,0,0,0,0,0,0,0,0,0,0,0,0,1,1,0,0,0,0,0,0,0,0,0,0,0,1,0,0,0,0,0,0,0,1,0,0,0,0,0,0,0,0,0,0,0,0,0,0,0,0,0,0,0,0,0,0,0,0,1,0,0,0,0,0,0,0,0,0,0,0,0,0,0,0,0,0,0,0,1,0,0,0,0,0,0,1,0,0,0,0,0,0,0,0,0,0,0,0,0,0,0,0,0,0,0,0,1,0,1,0,0,1,0,1,0,0,0,1,0,1,0,0,0,1,0,0,0,1,0,0,0,1,0,0,0,0,0,0,0,0,0,0,0,0,0,0,0,0,0,0,0,0,1,0,0,0,0,0,0,0,0,0,0,0,0,0,0,0,0,0,0,0,0,0,0,0,0,0,0,0,0,0,0,0,0,0,0,1,0,0,0,0,0,0,0,0,0,1,0,0,0,0,0,0,0,0,0,0,0,0,0,0,0,0,0,0,0,0,0,0,0,0,0,0,0,0,0,0,0,0,0,0,0,0,0,0,0,0,0,0,0,0,0,0,0,0,0,0,0,0,0,0,0,0,0,0,0,0,0,0,0,0,0,0,0,0,0,0,0,0,0,0,0,0,0,0,0,0,0,0,0,0,1,1,0,0,0,0,0,0,0,0,0,0,0,0,0,0,0,0,0,0,0,0,0,0,0,0,0,0,0,0,0,0,0,0,0,0,0,0,0,0,0,0,0,0,1,1,0,0,0,0,0,0,0,0,0,0,0,0,0,0,0,0,0,0,0,0,0,0,0,0,0,0,1,0,0,0,0,0,0,0,0,0,0,0,0,0,0,0,0,0,0,0,0,0,0,0,0,0,0,0,0,0,0,0,0,0,0,0,0,0,0,0,0,1,1,0,0,0,0,0,1,0,0,0,0,0,0,0,0,1,0,0,0,0,0,0,0,0,0,0,0,0,0,0,0,0,0,0,0,0,0,1
